sdk_path,source_path
/code/src/SDK/APP/features/dei/lib.dei_core/dei_core_include.c,cmall\core\lib.dei_core\dei_core_include.c
/code/src/SDK/APP/features/dei/lib.dei_rs/dei_rs.c,cmall\core\lib.dei_rs\dei_rs.c
/code/src/SDK/APP/features/dei/lib.dei_rs/dei_rs.h,cmall\core\lib.dei_rs\dei_rs.h
/code/src/SDK/APP/features/dei/lib.dei_rs/dei_rs_acc.c,cmall\core\lib.dei_rs\dei_rs_acc.c
/code/src/SDK/APP/features/dei/lib.dei_rs/dei_rs_brake.c,cmall\core\lib.dei_rs\dei_rs_brake.c
/code/src/SDK/APP/features/dei/lib.dei_rs/dei_rs_cmd_init.c,cmall\core\lib.dei_rs\dei_rs_cmd_init.c
/code/src/SDK/APP/features/dei/lib.dei_rs/dei_rs_defogger.c,cmall\core\lib.dei_rs\dei_rs_defogger.c
/code/src/SDK/APP/features/dei/lib.dei_rs/dei_rs_door.c,cmall\core\lib.dei_rs\dei_rs_door.c
/code/src/SDK/APP/features/dei/lib.dei_rs/dei_rs_ecm_init.c,cmall\core\lib.dei_rs\dei_rs_ecm_init.c
/code/src/SDK/APP/features/dei/lib.dei_rs/dei_rs_ecm_off.c,cmall\core\lib.dei_rs\dei_rs_ecm_off.c
/code/src/SDK/APP/features/dei/lib.dei_rs/dei_rs_ecm_tacho.c,cmall\core\lib.dei_rs\dei_rs_ecm_tacho.c
/code/src/SDK/APP/features/dei/lib.dei_rs/dei_rs_ecm_voltage.c,cmall\core\lib.dei_rs\dei_rs_ecm_voltage.c
/code/src/SDK/APP/features/dei/lib.dei_rs/dei_rs_ecm_vtacho.c,cmall\core\lib.dei_rs\dei_rs_ecm_vtacho.c
/code/src/SDK/APP/features/dei/lib.dei_rs/dei_rs_error_start.c,cmall\core\lib.dei_rs\dei_rs_error_start.c
/code/src/SDK/APP/features/dei/lib.dei_rs/dei_rs_event.c,cmall\core\lib.dei_rs\dei_rs_event.c
/code/src/SDK/APP/features/dei/lib.dei_rs/dei_rs_execute.c,cmall\core\lib.dei_rs\dei_rs_execute.c
/code/src/SDK/APP/features/dei/lib.dei_rs/dei_rs_glowplug.c,cmall\core\lib.dei_rs\dei_rs_glowplug.c
/code/src/SDK/APP/features/dei/lib.dei_rs/dei_rs_gwr.c,cmall\core\lib.dei_rs\dei_rs_gwr.c
/code/src/SDK/APP/features/dei/lib.dei_rs/dei_rs_hanbrake.c,cmall\core\lib.dei_rs\dei_rs_hanbrake.c
/code/src/SDK/APP/features/dei/lib.dei_rs/dei_rs_hood.c,cmall\core\lib.dei_rs\dei_rs_hood.c
/code/src/SDK/APP/features/dei/lib.dei_rs/dei_rs_ign.c,cmall\core\lib.dei_rs\dei_rs_ign.c
/code/src/SDK/APP/features/dei/lib.dei_rs/dei_rs_init.c,cmall\core\lib.dei_rs\dei_rs_init.c
/code/src/SDK/APP/features/dei/lib.dei_rs/dei_rs_key.c,cmall\core\lib.dei_rs\dei_rs_key.c
/code/src/SDK/APP/features/dei/lib.dei_rs/dei_rs_mts.c,cmall\core\lib.dei_rs\dei_rs_mts.c
/code/src/SDK/APP/features/dei/lib.dei_rs/dei_rs_mts_1700.c,cmall\core\lib.dei_rs\dei_rs_mts_1700.c
/code/src/SDK/APP/features/dei/lib.dei_rs/dei_rs_mts_smart_timer_disable.c,cmall\core\lib.dei_rs\dei_rs_mts_smart_timer_disable.c
/code/src/SDK/APP/features/dei/lib.dei_rs/dei_rs_neutral.c,cmall\core\lib.dei_rs\dei_rs_neutral.c
/code/src/SDK/APP/features/dei/lib.dei_rs/dei_rs_private.h,cmall\core\lib.dei_rs\dei_rs_private.h
/code/src/SDK/APP/features/dei/lib.dei_rs/dei_rs_push_valet.c,cmall\core\lib.dei_rs\dei_rs_push_valet.c
/code/src/SDK/APP/features/dei/lib.dei_rs/dei_rs_retry.c,cmall\core\lib.dei_rs\dei_rs_retry.c
/code/src/SDK/APP/features/dei/lib.dei_rs/dei_rs_rf_combo_valet.c,cmall\core\lib.dei_rs\dei_rs_rf_combo_valet.c
/code/src/SDK/APP/features/dei/lib.dei_rs/dei_rs_rf_runtime_reset.c,cmall\core\lib.dei_rs\dei_rs_rf_runtime_reset.c
/code/src/SDK/APP/features/dei/lib.dei_rs/dei_rs_rf_smart_prg.c,cmall\core\lib.dei_rs\dei_rs_rf_smart_prg.c
/code/src/SDK/APP/features/dei/lib.dei_rs/dei_rs_rf_smart_toogle.c,cmall\core\lib.dei_rs\dei_rs_rf_smart_toogle.c
/code/src/SDK/APP/features/dei/lib.dei_rs/dei_rs_rf_start_stop.c,cmall\core\lib.dei_rs\dei_rs_rf_start_stop.c
/code/src/SDK/APP/features/dei/lib.dei_rs/dei_rs_rf_temp_report.c,cmall\core\lib.dei_rs\dei_rs_rf_temp_report.c
/code/src/SDK/APP/features/dei/lib.dei_rs/dei_rs_rf_timer_prg.c,cmall\core\lib.dei_rs\dei_rs_rf_timer_prg.c
/code/src/SDK/APP/features/dei/lib.dei_rs/dei_rs_rf_timer_toogle.c,cmall\core\lib.dei_rs\dei_rs_rf_timer_toogle.c
/code/src/SDK/APP/features/dei/lib.dei_rs/dei_rs_rf_valet.c,cmall\core\lib.dei_rs\dei_rs_rf_valet.c
/code/src/SDK/APP/features/dei/lib.dei_rs/dei_rs_running.c,cmall\core\lib.dei_rs\dei_rs_running.c
/code/src/SDK/APP/features/dei/lib.dei_rs/dei_rs_runtime.c,cmall\core\lib.dei_rs\dei_rs_runtime.c
/code/src/SDK/APP/features/dei/lib.dei_rs/dei_rs_secure_lock.c,cmall\core\lib.dei_rs\dei_rs_secure_lock.c
/code/src/SDK/APP/features/dei/lib.dei_rs/dei_rs_shutdown.c,cmall\core\lib.dei_rs\dei_rs_shutdown.c
/code/src/SDK/APP/features/dei/lib.dei_rs/dei_rs_shutdown_history.c,cmall\core\lib.dei_rs\dei_rs_shutdown_history.c
/code/src/SDK/APP/features/dei/lib.dei_rs/dei_rs_smart_start.c,cmall\core\lib.dei_rs\dei_rs_smart_start.c
/code/src/SDK/APP/features/dei/lib.dei_rs/dei_rs_start.c,cmall\core\lib.dei_rs\dei_rs_start.c
/code/src/SDK/APP/features/dei/lib.dei_rs/dei_rs_start_stop_only.c,cmall\core\lib.dei_rs\dei_rs_start_stop_only.c
/code/src/SDK/APP/features/dei/lib.dei_rs/dei_rs_tacho_prg.c,cmall\core\lib.dei_rs\dei_rs_tacho_prg.c
/code/src/SDK/APP/features/dei/lib.dei_rs/dei_rs_takeover_events.c,cmall\core\lib.dei_rs\dei_rs_takeover_events.c
/code/src/SDK/APP/features/dei/lib.dei_rs/dei_rs_timer_start.c,cmall\core\lib.dei_rs\dei_rs_timer_start.c
/code/src/SDK/APP/features/dei/lib.dei_rs/dei_rs_trigger.c,cmall\core\lib.dei_rs\dei_rs_trigger.c
/code/src/SDK/APP/features/dei/lib.dei_rs/dei_rs_vars.c,cmall\core\lib.dei_rs\dei_rs_vars.c
/code/src/SDK/APP/features/dei/lib.dei_rs/dei_rs_wait_start.c,cmall\core\lib.dei_rs\dei_rs_wait_start.c
/code/src/SDK/APP/features/dei/lib.dei_scpp/dei_sc.h,cmall\core\lib.dei_scpp\dei_sc.h
/code/src/SDK/APP/features/dei/lib.dei_scpp/dei_scpp.c,cmall\core\lib.dei_scpp\dei_scpp.c
/code/src/SDK/APP/features/dei/lib.dei_scpp/dei_scpp_cmd.c,cmall\core\lib.dei_scpp\dei_scpp_cmd.c
/code/src/SDK/APP/features/dei/lib.dei_scpp/dei_sc_automatic_page_update.c,cmall\core\lib.dei_scpp\dei_sc_automatic_page_update.c
/code/src/SDK/APP/features/dei/lib.dei_scpp/dei_sc_delete.c,cmall\core\lib.dei_scpp\dei_sc_delete.c
/code/src/SDK/APP/features/dei/lib.dei_scpp/dei_sc_icon_aux2_type.c,cmall\core\lib.dei_scpp\dei_sc_icon_aux2_type.c
/code/src/SDK/APP/features/dei/lib.dei_scpp/dei_sc_icon_aux3_type.c,cmall\core\lib.dei_scpp\dei_sc_icon_aux3_type.c
/code/src/SDK/APP/features/dei/lib.dei_scpp/dei_sc_icon_aux4_type.c,cmall\core\lib.dei_scpp\dei_sc_icon_aux4_type.c
/code/src/SDK/APP/features/dei/lib.dei_scpp/dei_sc_icon_aux5_type.c,cmall\core\lib.dei_scpp\dei_sc_icon_aux5_type.c
/code/src/SDK/APP/features/dei/lib.dei_scpp/dei_sc_icon_aux_ch3_off.c,cmall\core\lib.dei_scpp\dei_sc_icon_aux_ch3_off.c
/code/src/SDK/APP/features/dei/lib.dei_scpp/dei_sc_icon_aux_ch3_on.c,cmall\core\lib.dei_scpp\dei_sc_icon_aux_ch3_on.c
/code/src/SDK/APP/features/dei/lib.dei_scpp/dei_sc_icon_aux_ch4_off.c,cmall\core\lib.dei_scpp\dei_sc_icon_aux_ch4_off.c
/code/src/SDK/APP/features/dei/lib.dei_scpp/dei_sc_icon_aux_ch4_on.c,cmall\core\lib.dei_scpp\dei_sc_icon_aux_ch4_on.c
/code/src/SDK/APP/features/dei/lib.dei_scpp/dei_sc_icon_aux_ch5_off.c,cmall\core\lib.dei_scpp\dei_sc_icon_aux_ch5_off.c
/code/src/SDK/APP/features/dei/lib.dei_scpp/dei_sc_icon_aux_ch5_on.c,cmall\core\lib.dei_scpp\dei_sc_icon_aux_ch5_on.c
/code/src/SDK/APP/features/dei/lib.dei_scpp/dei_sc_icon_aux_ch6_off.c,cmall\core\lib.dei_scpp\dei_sc_icon_aux_ch6_off.c
/code/src/SDK/APP/features/dei/lib.dei_scpp/dei_sc_icon_aux_ch6_on.c,cmall\core\lib.dei_scpp\dei_sc_icon_aux_ch6_on.c
/code/src/SDK/APP/features/dei/lib.dei_scpp/dei_sc_icon_car_finder.c,cmall\core\lib.dei_scpp\dei_sc_icon_car_finder.c
/code/src/SDK/APP/features/dei/lib.dei_scpp/dei_sc_icon_combo_valet_off.c,cmall\core\lib.dei_scpp\dei_sc_icon_combo_valet_off.c
/code/src/SDK/APP/features/dei/lib.dei_scpp/dei_sc_icon_combo_valet_on.c,cmall\core\lib.dei_scpp\dei_sc_icon_combo_valet_on.c
/code/src/SDK/APP/features/dei/lib.dei_scpp/dei_sc_icon_convenience_alert.c,cmall\core\lib.dei_scpp\dei_sc_icon_convenience_alert.c
/code/src/SDK/APP/features/dei/lib.dei_scpp/dei_sc_icon_defogger_off.c,cmall\core\lib.dei_scpp\dei_sc_icon_defogger_off.c
/code/src/SDK/APP/features/dei/lib.dei_scpp/dei_sc_icon_defogger_on.c,cmall\core\lib.dei_scpp\dei_sc_icon_defogger_on.c
/code/src/SDK/APP/features/dei/lib.dei_scpp/dei_sc_icon_error.c,cmall\core\lib.dei_scpp\dei_sc_icon_error.c
/code/src/SDK/APP/features/dei/lib.dei_scpp/dei_sc_icon_full_silent_arm.c,cmall\core\lib.dei_scpp\dei_sc_icon_full_silent_arm.c
/code/src/SDK/APP/features/dei/lib.dei_scpp/dei_sc_icon_keyboard_unlock.c,cmall\core\lib.dei_scpp\dei_sc_icon_keyboard_unlock.c
/code/src/SDK/APP/features/dei/lib.dei_scpp/dei_sc_icon_lock.c,cmall\core\lib.dei_scpp\dei_sc_icon_lock.c
/code/src/SDK/APP/features/dei/lib.dei_scpp/dei_sc_icon_lock_active_zone_report.c,cmall\core\lib.dei_scpp\dei_sc_icon_lock_active_zone_report.c
/code/src/SDK/APP/features/dei/lib.dei_scpp/dei_sc_icon_mts_disable.c,cmall\core\lib.dei_scpp\dei_sc_icon_mts_disable.c
/code/src/SDK/APP/features/dei/lib.dei_scpp/dei_sc_icon_mts_enable.c,cmall\core\lib.dei_scpp\dei_sc_icon_mts_enable.c
/code/src/SDK/APP/features/dei/lib.dei_scpp/dei_sc_icon_panic.c,cmall\core\lib.dei_scpp\dei_sc_icon_panic.c
/code/src/SDK/APP/features/dei/lib.dei_scpp/dei_sc_icon_programming_enter.c,cmall\core\lib.dei_scpp\dei_sc_icon_programming_enter.c
/code/src/SDK/APP/features/dei/lib.dei_scpp/dei_sc_icon_programming_leave.c,cmall\core\lib.dei_scpp\dei_sc_icon_programming_leave.c
/code/src/SDK/APP/features/dei/lib.dei_scpp/dei_sc_icon_range_check.c,cmall\core\lib.dei_scpp\dei_sc_icon_range_check.c
/code/src/SDK/APP/features/dei/lib.dei_scpp/dei_sc_icon_rs_valet_off.c,cmall\core\lib.dei_scpp\dei_sc_icon_rs_valet_off.c
/code/src/SDK/APP/features/dei/lib.dei_scpp/dei_sc_icon_rs_valet_on.c,cmall\core\lib.dei_scpp\dei_sc_icon_rs_valet_on.c
/code/src/SDK/APP/features/dei/lib.dei_scpp/dei_sc_icon_runtime_check.c,cmall\core\lib.dei_scpp\dei_sc_icon_runtime_check.c
/code/src/SDK/APP/features/dei/lib.dei_scpp/dei_sc_icon_runtime_low_alert.c,cmall\core\lib.dei_scpp\dei_sc_icon_runtime_low_alert.c
/code/src/SDK/APP/features/dei/lib.dei_scpp/dei_sc_icon_runtime_programmed.c,cmall\core\lib.dei_scpp\dei_sc_icon_runtime_programmed.c
/code/src/SDK/APP/features/dei/lib.dei_scpp/dei_sc_icon_runtime_remaining.c,cmall\core\lib.dei_scpp\dei_sc_icon_runtime_remaining.c
/code/src/SDK/APP/features/dei/lib.dei_scpp/dei_sc_icon_runtime_reset.c,cmall\core\lib.dei_scpp\dei_sc_icon_runtime_reset.c
/code/src/SDK/APP/features/dei/lib.dei_scpp/dei_sc_icon_sensor1_adjust.c,cmall\core\lib.dei_scpp\dei_sc_icon_sensor1_adjust.c
/code/src/SDK/APP/features/dei/lib.dei_scpp/dei_sc_icon_sensor1_level_update.c,cmall\core\lib.dei_scpp\dei_sc_icon_sensor1_level_update.c
/code/src/SDK/APP/features/dei/lib.dei_scpp/dei_sc_icon_sensor1_type.c,cmall\core\lib.dei_scpp\dei_sc_icon_sensor1_type.c
/code/src/SDK/APP/features/dei/lib.dei_scpp/dei_sc_icon_sensor2_type.c,cmall\core\lib.dei_scpp\dei_sc_icon_sensor2_type.c
/code/src/SDK/APP/features/dei/lib.dei_scpp/dei_sc_icon_sensor3_type.c,cmall\core\lib.dei_scpp\dei_sc_icon_sensor3_type.c
/code/src/SDK/APP/features/dei/lib.dei_scpp/dei_sc_icon_sensor_bypass_full.c,cmall\core\lib.dei_scpp\dei_sc_icon_sensor_bypass_full.c
/code/src/SDK/APP/features/dei/lib.dei_scpp/dei_sc_icon_sensor_bypass_off.c,cmall\core\lib.dei_scpp\dei_sc_icon_sensor_bypass_off.c
/code/src/SDK/APP/features/dei/lib.dei_scpp/dei_sc_icon_sensor_bypass_opt.c,cmall\core\lib.dei_scpp\dei_sc_icon_sensor_bypass_opt.c
/code/src/SDK/APP/features/dei/lib.dei_scpp/dei_sc_icon_sensor_bypass_shock.c,cmall\core\lib.dei_scpp\dei_sc_icon_sensor_bypass_shock.c
/code/src/SDK/APP/features/dei/lib.dei_scpp/dei_sc_icon_sensor_bypass_warning.c,cmall\core\lib.dei_scpp\dei_sc_icon_sensor_bypass_warning.c
/code/src/SDK/APP/features/dei/lib.dei_scpp/dei_sc_icon_sensor_prog_mode_exit.c,cmall\core\lib.dei_scpp\dei_sc_icon_sensor_prog_mode_exit.c
/code/src/SDK/APP/features/dei/lib.dei_scpp/dei_sc_icon_sensor_silent_arm.c,cmall\core\lib.dei_scpp\dei_sc_icon_sensor_silent_arm.c
/code/src/SDK/APP/features/dei/lib.dei_scpp/dei_sc_icon_smart_mode_off.c,cmall\core\lib.dei_scpp\dei_sc_icon_smart_mode_off.c
/code/src/SDK/APP/features/dei/lib.dei_scpp/dei_sc_icon_smart_mode_on.c,cmall\core\lib.dei_scpp\dei_sc_icon_smart_mode_on.c
/code/src/SDK/APP/features/dei/lib.dei_scpp/dei_sc_icon_smart_mode_temp_adjust_enter.c,cmall\core\lib.dei_scpp\dei_sc_icon_smart_mode_temp_adjust_enter.c
/code/src/SDK/APP/features/dei/lib.dei_scpp/dei_sc_icon_smart_mode_temp_adjust_high.c,cmall\core\lib.dei_scpp\dei_sc_icon_smart_mode_temp_adjust_high.c
/code/src/SDK/APP/features/dei/lib.dei_scpp/dei_sc_icon_smart_mode_temp_adjust_low.c,cmall\core\lib.dei_scpp\dei_sc_icon_smart_mode_temp_adjust_low.c
/code/src/SDK/APP/features/dei/lib.dei_scpp/dei_sc_icon_start.c,cmall\core\lib.dei_scpp\dei_sc_icon_start.c
/code/src/SDK/APP/features/dei/lib.dei_scpp/dei_sc_icon_stop.c,cmall\core\lib.dei_scpp\dei_sc_icon_stop.c
/code/src/SDK/APP/features/dei/lib.dei_scpp/dei_sc_icon_temp.c,cmall\core\lib.dei_scpp\dei_sc_icon_temp.c
/code/src/SDK/APP/features/dei/lib.dei_scpp/dei_sc_icon_timer_mode_adjust_count.c,cmall\core\lib.dei_scpp\dei_sc_icon_timer_mode_adjust_count.c
/code/src/SDK/APP/features/dei/lib.dei_scpp/dei_sc_icon_timer_mode_adjust_enter.c,cmall\core\lib.dei_scpp\dei_sc_icon_timer_mode_adjust_enter.c
/code/src/SDK/APP/features/dei/lib.dei_scpp/dei_sc_icon_timer_mode_adjust_time.c,cmall\core\lib.dei_scpp\dei_sc_icon_timer_mode_adjust_time.c
/code/src/SDK/APP/features/dei/lib.dei_scpp/dei_sc_icon_timer_mode_off.c,cmall\core\lib.dei_scpp\dei_sc_icon_timer_mode_off.c
/code/src/SDK/APP/features/dei/lib.dei_scpp/dei_sc_icon_timer_mode_on.c,cmall\core\lib.dei_scpp\dei_sc_icon_timer_mode_on.c
/code/src/SDK/APP/features/dei/lib.dei_scpp/dei_sc_icon_trigger.c,cmall\core\lib.dei_scpp\dei_sc_icon_trigger.c
/code/src/SDK/APP/features/dei/lib.dei_scpp/dei_sc_icon_trigger_zone_report.c,cmall\core\lib.dei_scpp\dei_sc_icon_trigger_zone_report.c
/code/src/SDK/APP/features/dei/lib.dei_scpp/dei_sc_icon_trunk_release_off.c,cmall\core\lib.dei_scpp\dei_sc_icon_trunk_release_off.c
/code/src/SDK/APP/features/dei/lib.dei_scpp/dei_sc_icon_trunk_release_on.c,cmall\core\lib.dei_scpp\dei_sc_icon_trunk_release_on.c
/code/src/SDK/APP/features/dei/lib.dei_scpp/dei_sc_icon_unlock.c,cmall\core\lib.dei_scpp\dei_sc_icon_unlock.c
/code/src/SDK/APP/features/dei/lib.dei_scpp/dei_sc_icon_unlock_trigger_zone_report.c,cmall\core\lib.dei_scpp\dei_sc_icon_unlock_trigger_zone_report.c
/code/src/SDK/APP/features/dei/lib.dei_scpp/dei_sc_icon_update_page.c,cmall\core\lib.dei_scpp\dei_sc_icon_update_page.c
/code/src/SDK/APP/features/dei/lib.dei_scpp/dei_sc_icon_valet_off.c,cmall\core\lib.dei_scpp\dei_sc_icon_valet_off.c
/code/src/SDK/APP/features/dei/lib.dei_scpp/dei_sc_icon_valet_on.c,cmall\core\lib.dei_scpp\dei_sc_icon_valet_on.c
/code/src/SDK/APP/features/dei/lib.dei_scpp/dei_sc_icon_warning.c,cmall\core\lib.dei_scpp\dei_sc_icon_warning.c
/code/src/SDK/APP/features/dei/lib.dei_scpp/dei_sc_info.c,cmall\core\lib.dei_scpp\dei_sc_info.c
/code/src/SDK/APP/features/dei/lib.dei_scpp/dei_sc_init.c,cmall\core\lib.dei_scpp\dei_sc_init.c
/code/src/SDK/APP/features/dei/lib.dei_scpp/dei_sc_init_nvfs.c,cmall\core\lib.dei_scpp\dei_sc_init_nvfs.c
/code/src/SDK/APP/features/dei/lib.dei_scpp/dei_sc_led_flash.c,cmall\core\lib.dei_scpp\dei_sc_led_flash.c
/code/src/SDK/APP/features/dei/lib.dei_scpp/dei_sc_notify_init.c,cmall\core\lib.dei_scpp\dei_sc_notify_init.c
/code/src/SDK/APP/features/dei/lib.dei_scpp/dei_sc_payload_build.c,cmall\core\lib.dei_scpp\dei_sc_payload_build.c
/code/src/SDK/APP/features/dei/lib.dei_scpp/dei_sc_private.h,cmall\core\lib.dei_scpp\dei_sc_private.h
/code/src/SDK/APP/features/dei/lib.dei_scpp/dei_sc_save_nvfs.c,cmall\core\lib.dei_scpp\dei_sc_save_nvfs.c
/code/src/SDK/APP/features/dei/lib.dei_scpp/dei_sc_set_mode.c,cmall\core\lib.dei_scpp\dei_sc_set_mode.c
/code/src/SDK/APP/features/dei/lib.dei_scpp/dei_sc_tx.c,cmall\core\lib.dei_scpp\dei_sc_tx.c
/code/src/SDK/APP/features/dei/lib.dei_scpp/dei_sc_tx_flush.c,cmall\core\lib.dei_scpp\dei_sc_tx_flush.c
/code/src/SDK/APP/features/dei/lib.dei_scpp/dei_sc_tx_tsk.c,cmall\core\lib.dei_scpp\dei_sc_tx_tsk.c
/code/src/SDK/APP/features/dei/lib.dei_scpp/dei_sc_vars.c,cmall\core\lib.dei_scpp\dei_sc_vars.c
/code/src/SDK/APP/features/dei/lib.dei_ss/dei_ss.c,cmall\core\lib.dei_ss\dei_ss.c
/code/src/SDK/APP/features/dei/lib.dei_ss/dei_ss.h,cmall\core\lib.dei_ss\dei_ss.h
/code/src/SDK/APP/features/dei/lib.dei_ss/dei_ss_arm.c,cmall\core\lib.dei_ss\dei_ss_arm.c
/code/src/SDK/APP/features/dei/lib.dei_ss/dei_ss_arm_actions.c,cmall\core\lib.dei_ss\dei_ss_arm_actions.c
/code/src/SDK/APP/features/dei/lib.dei_ss/dei_ss_arm_silent.c,cmall\core\lib.dei_ss\dei_ss_arm_silent.c
/code/src/SDK/APP/features/dei/lib.dei_ss/dei_ss_cmd_init.c,cmall\core\lib.dei_ss\dei_ss_cmd_init.c
/code/src/SDK/APP/features/dei/lib.dei_ss/dei_ss_disarm.c,cmall\core\lib.dei_ss\dei_ss_disarm.c
/code/src/SDK/APP/features/dei/lib.dei_ss/dei_ss_disarm_actions.c,cmall\core\lib.dei_ss\dei_ss_disarm_actions.c
/code/src/SDK/APP/features/dei/lib.dei_ss/dei_ss_disarm_override.c,cmall\core\lib.dei_ss\dei_ss_disarm_override.c
/code/src/SDK/APP/features/dei/lib.dei_ss/dei_ss_disarm_silent.c,cmall\core\lib.dei_ss\dei_ss_disarm_silent.c
/code/src/SDK/APP/features/dei/lib.dei_ss/dei_ss_door.c,cmall\core\lib.dei_ss\dei_ss_door.c
/code/src/SDK/APP/features/dei/lib.dei_ss/dei_ss_full_silent_arm.c,cmall\core\lib.dei_ss\dei_ss_full_silent_arm.c
/code/src/SDK/APP/features/dei/lib.dei_ss/dei_ss_hood.c,cmall\core\lib.dei_ss\dei_ss_hood.c
/code/src/SDK/APP/features/dei/lib.dei_ss/dei_ss_ignition.c,cmall\core\lib.dei_ss\dei_ss_ignition.c
/code/src/SDK/APP/features/dei/lib.dei_ss/dei_ss_init.c,cmall\core\lib.dei_ss\dei_ss_init.c
/code/src/SDK/APP/features/dei/lib.dei_ss/dei_ss_inst_trig.c,cmall\core\lib.dei_ss\dei_ss_inst_trig.c
/code/src/SDK/APP/features/dei/lib.dei_ss/dei_ss_logic_resume.c,cmall\core\lib.dei_ss\dei_ss_logic_resume.c
/code/src/SDK/APP/features/dei/lib.dei_ss/dei_ss_private.h,cmall\core\lib.dei_ss\dei_ss_private.h
/code/src/SDK/APP/features/dei/lib.dei_ss/dei_ss_push_trg_history.c,cmall\core\lib.dei_ss\dei_ss_push_trg_history.c
/code/src/SDK/APP/features/dei/lib.dei_ss/dei_ss_push_valet.c,cmall\core\lib.dei_ss\dei_ss_push_valet.c
/code/src/SDK/APP/features/dei/lib.dei_ss/dei_ss_rf_trg_history.c,cmall\core\lib.dei_ss\dei_ss_rf_trg_history.c
/code/src/SDK/APP/features/dei/lib.dei_ss/dei_ss_rf_valet.c,cmall\core\lib.dei_ss\dei_ss_rf_valet.c
/code/src/SDK/APP/features/dei/lib.dei_ss/dei_ss_sensor.c,cmall\core\lib.dei_ss\dei_ss_sensor.c
/code/src/SDK/APP/features/dei/lib.dei_ss/dei_ss_sensor_adjust.c,cmall\core\lib.dei_ss\dei_ss_sensor_adjust.c
/code/src/SDK/APP/features/dei/lib.dei_ss/dei_ss_sensor_bypass.c,cmall\core\lib.dei_ss\dei_ss_sensor_bypass.c
/code/src/SDK/APP/features/dei/lib.dei_ss/dei_ss_sensor_silent_arm.c,cmall\core\lib.dei_ss\dei_ss_sensor_silent_arm.c
/code/src/SDK/APP/features/dei/lib.dei_ss/dei_ss_sensor_type_init.c,cmall\core\lib.dei_ss\dei_ss_sensor_type_init.c
/code/src/SDK/APP/features/dei/lib.dei_ss/dei_ss_siren_low_batt.c,cmall\core\lib.dei_ss\dei_ss_siren_low_batt.c
/code/src/SDK/APP/features/dei/lib.dei_ss/dei_ss_status_init.c,cmall\core\lib.dei_ss\dei_ss_status_init.c
/code/src/SDK/APP/features/dei/lib.dei_ss/dei_ss_status_save.c,cmall\core\lib.dei_ss\dei_ss_status_save.c
/code/src/SDK/APP/features/dei/lib.dei_ss/dei_ss_sys_arming.c,cmall\core\lib.dei_ss\dei_ss_sys_arming.c
/code/src/SDK/APP/features/dei/lib.dei_ss/dei_ss_trigger.c,cmall\core\lib.dei_ss\dei_ss_trigger.c
/code/src/SDK/APP/features/dei/lib.dei_ss/dei_ss_trunk.c,cmall\core\lib.dei_ss\dei_ss_trunk.c
/code/src/SDK/APP/features/dei/lib.dei_ss/dei_ss_trunk_release.c,cmall\core\lib.dei_ss\dei_ss_trunk_release.c
/code/src/SDK/APP/features/dei/lib.dei_ss/dei_ss_vars.c,cmall\core\lib.dei_ss\dei_ss_vars.c
/code/src/SDK/APP/features/dei/lib.dei_ss/dei_ss_zone_bypass.c,cmall\core\lib.dei_ss\dei_ss_zone_bypass.c
/code/src/SDK/APP/features/falcon/core_framework.h,falcon\core\core_framework.h
/code/src/SDK/APP/features/falcon/falcon.c,falcon\core\falcon.c
/code/src/SDK/APP/features/falcon/core/lib.flc.can.per/can_per.h,falcon\core\core\lib.flc.can.per\can_per.h
/code/src/SDK/APP/features/falcon/core/lib.flc.can.per/can_per_add.c,falcon\core\core\lib.flc.can.per\can_per_add.c
/code/src/SDK/APP/features/falcon/core/lib.flc.can.per/can_per_do_tx.c,falcon\core\core\lib.flc.can.per\can_per_do_tx.c
/code/src/SDK/APP/features/falcon/core/lib.flc.can.per/can_per_execute.c,falcon\core\core\lib.flc.can.per\can_per_execute.c
/code/src/SDK/APP/features/falcon/core/lib.flc.can.per/can_per_init.c,falcon\core\core\lib.flc.can.per\can_per_init.c
/code/src/SDK/APP/features/falcon/core/lib.flc.can.per/can_per_node_free_create.c,falcon\core\core\lib.flc.can.per\can_per_node_free_create.c
/code/src/SDK/APP/features/falcon/core/lib.flc.can.per/can_per_private.h,falcon\core\core\lib.flc.can.per\can_per_private.h
/code/src/SDK/APP/features/falcon/core/lib.flc.can.per/can_per_remove.c,falcon\core\core\lib.flc.can.per\can_per_remove.c
/code/src/SDK/APP/features/falcon/core/lib.flc.can.per/can_per_tx.c,falcon\core\core\lib.flc.can.per\can_per_tx.c
/code/src/SDK/APP/features/falcon/core/lib.flc.can.per/can_per_vars.c,falcon\core\core\lib.flc.can.per\can_per_vars.c
/code/src/SDK/APP/features/falcon/core/lib.flc.can.sync/can_sync.h,falcon\core\core\lib.flc.can.sync\can_sync.h
/code/src/SDK/APP/features/falcon/core/lib.flc.can.sync/can_sync_add.c,falcon\core\core\lib.flc.can.sync\can_sync_add.c
/code/src/SDK/APP/features/falcon/core/lib.flc.can.sync/can_sync_execute.c,falcon\core\core\lib.flc.can.sync\can_sync_execute.c
/code/src/SDK/APP/features/falcon/core/lib.flc.can.sync/can_sync_init.c,falcon\core\core\lib.flc.can.sync\can_sync_init.c
/code/src/SDK/APP/features/falcon/core/lib.flc.can.sync/can_sync_node_free_create.c,falcon\core\core\lib.flc.can.sync\can_sync_node_free_create.c
/code/src/SDK/APP/features/falcon/core/lib.flc.can.sync/can_sync_private.h,falcon\core\core\lib.flc.can.sync\can_sync_private.h
/code/src/SDK/APP/features/falcon/core/lib.flc.can.sync/can_sync_remove.c,falcon\core\core\lib.flc.can.sync\can_sync_remove.c
/code/src/SDK/APP/features/falcon/core/lib.flc.can.sync/can_sync_tx.c,falcon\core\core\lib.flc.can.sync\can_sync_tx.c
/code/src/SDK/APP/features/falcon/core/lib.flc.can.sync/can_sync_tx_status.c,falcon\core\core\lib.flc.can.sync\can_sync_tx_status.c
/code/src/SDK/APP/features/falcon/core/lib.flc.can.sync/can_sync_vars.c,falcon\core\core\lib.flc.can.sync\can_sync_vars.c
/code/src/SDK/APP/features/falcon/core/lib.flc.can.usr/can_usr.h,falcon\core\core\lib.flc.can.usr\can_usr.h
/code/src/SDK/APP/features/falcon/core/lib.flc.can.usr/can_usr_bus_off.c,falcon\core\core\lib.flc.can.usr\can_usr_bus_off.c
/code/src/SDK/APP/features/falcon/core/lib.flc.can.usr/can_usr_controller_reset.c,falcon\core\core\lib.flc.can.usr\can_usr_controller_reset.c
/code/src/SDK/APP/features/falcon/core/lib.flc.can.usr/can_usr_err_add.c,falcon\core\core\lib.flc.can.usr\can_usr_err_add.c
/code/src/SDK/APP/features/falcon/core/lib.flc.can.usr/can_usr_err_init.c,falcon\core\core\lib.flc.can.usr\can_usr_err_init.c
/code/src/SDK/APP/features/falcon/core/lib.flc.can.usr/can_usr_init.c,falcon\core\core\lib.flc.can.usr\can_usr_init.c
/code/src/SDK/APP/features/falcon/core/lib.flc.can.usr/can_usr_one_shot_timeout.c,falcon\core\core\lib.flc.can.usr\can_usr_one_shot_timeout.c
/code/src/SDK/APP/features/falcon/core/lib.flc.can.usr/can_usr_private.h,falcon\core\core\lib.flc.can.usr\can_usr_private.h
/code/src/SDK/APP/features/falcon/core/lib.flc.can.usr/can_usr_rx_dev0_init.c,falcon\core\core\lib.flc.can.usr\can_usr_rx_dev0_init.c
/code/src/SDK/APP/features/falcon/core/lib.flc.can.usr/can_usr_rx_dev1_init.c,falcon\core\core\lib.flc.can.usr\can_usr_rx_dev1_init.c
/code/src/SDK/APP/features/falcon/core/lib.flc.can.usr/can_usr_rx_filter.c,falcon\core\core\lib.flc.can.usr\can_usr_rx_filter.c
/code/src/SDK/APP/features/falcon/core/lib.flc.can.usr/can_usr_rx_reg.c,falcon\core\core\lib.flc.can.usr\can_usr_rx_reg.c
/code/src/SDK/APP/features/falcon/core/lib.flc.can.usr/can_usr_rx_tsk.c,falcon\core\core\lib.flc.can.usr\can_usr_rx_tsk.c
/code/src/SDK/APP/features/falcon/core/lib.flc.can.usr/can_usr_tx.c,falcon\core\core\lib.flc.can.usr\can_usr_tx.c
/code/src/SDK/APP/features/falcon/core/lib.flc.can.usr/can_usr_tx_dev0_init.c,falcon\core\core\lib.flc.can.usr\can_usr_tx_dev0_init.c
/code/src/SDK/APP/features/falcon/core/lib.flc.can.usr/can_usr_tx_dev1_init.c,falcon\core\core\lib.flc.can.usr\can_usr_tx_dev1_init.c
/code/src/SDK/APP/features/falcon/core/lib.flc.can.usr/can_usr_tx_normal.c,falcon\core\core\lib.flc.can.usr\can_usr_tx_normal.c
/code/src/SDK/APP/features/falcon/core/lib.flc.can.usr/can_usr_tx_one_shot.c,falcon\core\core\lib.flc.can.usr\can_usr_tx_one_shot.c
/code/src/SDK/APP/features/falcon/core/lib.flc.can.usr/can_usr_tx_tsk.c,falcon\core\core\lib.flc.can.usr\can_usr_tx_tsk.c
/code/src/SDK/APP/features/falcon/core/lib.flc.can.usr/can_usr_vars.c,falcon\core\core\lib.flc.can.usr\can_usr_vars.c
/code/src/SDK/APP/features/falcon/core/lib.flc.can.usr/can_usr_wake.c,falcon\core\core\lib.flc.can.usr\can_usr_wake.c
/code/src/SDK/APP/features/falcon/core/lib.flc.dl/dl.h,falcon\core\core\lib.flc.dl\dl.h
/code/src/SDK/APP/features/falcon/core/lib.flc.dl/dl_init.c,falcon\core\core\lib.flc.dl\dl_init.c
/code/src/SDK/APP/features/falcon/core/lib.flc.dl/dl_lock.c,falcon\core\core\lib.flc.dl\dl_lock.c
/code/src/SDK/APP/features/falcon/core/lib.flc.dl/dl_private.h,falcon\core\core\lib.flc.dl\dl_private.h
/code/src/SDK/APP/features/falcon/core/lib.flc.dl/dl_relock.c,falcon\core\core\lib.flc.dl\dl_relock.c
/code/src/SDK/APP/features/falcon/core/lib.flc.dl/dl_trunk.c,falcon\core\core\lib.flc.dl\dl_trunk.c
/code/src/SDK/APP/features/falcon/core/lib.flc.dl/dl_unlock.c,falcon\core\core\lib.flc.dl\dl_unlock.c
/code/src/SDK/APP/features/falcon/core/lib.flc.dl/dl_vars.c,falcon\core\core\lib.flc.dl\dl_vars.c
/code/src/SDK/APP/features/falcon/core/lib.flc.hazard/hazard.h,falcon\core\core\lib.flc.hazard\hazard.h
/code/src/SDK/APP/features/falcon/core/lib.flc.hazard/hazard_disable.c,falcon\core\core\lib.flc.hazard\hazard_disable.c
/code/src/SDK/APP/features/falcon/core/lib.flc.hazard/hazard_init.c,falcon\core\core\lib.flc.hazard\hazard_init.c
/code/src/SDK/APP/features/falcon/core/lib.flc.hazard/hazard_private.h,falcon\core\core\lib.flc.hazard\hazard_private.h
/code/src/SDK/APP/features/falcon/core/lib.flc.hazard/hazard_request_off.c,falcon\core\core\lib.flc.hazard\hazard_request_off.c
/code/src/SDK/APP/features/falcon/core/lib.flc.hazard/hazard_request_on.c,falcon\core\core\lib.flc.hazard\hazard_request_on.c
/code/src/SDK/APP/features/falcon/core/lib.flc.hazard/hazard_status_update.c,falcon\core\core\lib.flc.hazard\hazard_status_update.c
/code/src/SDK/APP/features/falcon/core/lib.flc.hazard/hazard_tsk.c,falcon\core\core\lib.flc.hazard\hazard_tsk.c
/code/src/SDK/APP/features/falcon/core/lib.flc.hazard/hazard_vars.c,falcon\core\core\lib.flc.hazard\hazard_vars.c
/code/src/SDK/APP/features/falcon/core/lib.flc.key_wrap/key_wrap.h,falcon\core\core\lib.flc.key_wrap\key_wrap.h
/code/src/SDK/APP/features/falcon/core/lib.flc.key_wrap/key_wrap_enter.c,falcon\core\core\lib.flc.key_wrap\key_wrap_enter.c
/code/src/SDK/APP/features/falcon/core/lib.flc.key_wrap/key_wrap_init.c,falcon\core\core\lib.flc.key_wrap\key_wrap_init.c
/code/src/SDK/APP/features/falcon/core/lib.flc.key_wrap/key_wrap_leave.c,falcon\core\core\lib.flc.key_wrap\key_wrap_leave.c
/code/src/SDK/APP/features/falcon/core/lib.flc.key_wrap/key_wrap_private.h,falcon\core\core\lib.flc.key_wrap\key_wrap_private.h
/code/src/SDK/APP/features/falcon/core/lib.flc.key_wrap/key_wrap_vars.c,falcon\core\core\lib.flc.key_wrap\key_wrap_vars.c
/code/src/SDK/APP/features/falcon/core/lib.flc.led.detect/led_detect.c,falcon\core\core\lib.flc.led.detect\led_detect.c
/code/src/SDK/APP/features/falcon/core/lib.flc.led.detect/led_detect.h,falcon\core\core\lib.flc.led.detect\led_detect.h
/code/src/SDK/APP/features/falcon/core/lib.flc.light.format/lf.h,falcon\core\core\lib.flc.light.format\lf.h
/code/src/SDK/APP/features/falcon/core/lib.flc.light.format/lf_flush.c,falcon\core\core\lib.flc.light.format\lf_flush.c
/code/src/SDK/APP/features/falcon/core/lib.flc.light.format/lf_init.c,falcon\core\core\lib.flc.light.format\lf_init.c
/code/src/SDK/APP/features/falcon/core/lib.flc.light.format/lf_off.c,falcon\core\core\lib.flc.light.format\lf_off.c
/code/src/SDK/APP/features/falcon/core/lib.flc.light.format/lf_on.c,falcon\core\core\lib.flc.light.format\lf_on.c
/code/src/SDK/APP/features/falcon/core/lib.flc.light.format/lf_private.h,falcon\core\core\lib.flc.light.format\lf_private.h
/code/src/SDK/APP/features/falcon/core/lib.flc.light.format/lf_tsk.c,falcon\core\core\lib.flc.light.format\lf_tsk.c
/code/src/SDK/APP/features/falcon/core/lib.flc.light.format/lf_vars.c,falcon\core\core\lib.flc.light.format\lf_vars.c
/code/src/SDK/APP/features/falcon/core/lib.flc.nvfs.log/nvfs_log.h,falcon\core\core\lib.flc.nvfs.log\nvfs_log.h
/code/src/SDK/APP/features/falcon/core/lib.flc.nvfs.log/nvfs_log_add.c,falcon\core\core\lib.flc.nvfs.log\nvfs_log_add.c
/code/src/SDK/APP/features/falcon/core/lib.flc.nvfs.log/nvfs_log_create.c,falcon\core\core\lib.flc.nvfs.log\nvfs_log_create.c
/code/src/SDK/APP/features/falcon/core/lib.flc.nvfs.log/nvfs_log_delete.c,falcon\core\core\lib.flc.nvfs.log\nvfs_log_delete.c
/code/src/SDK/APP/features/falcon/core/lib.flc.nvfs.log/nvfs_log_private.h,falcon\core\core\lib.flc.nvfs.log\nvfs_log_private.h
/code/src/SDK/APP/features/falcon/core/lib.flc.nvfs.log/nvfs_log_save.c,falcon\core\core\lib.flc.nvfs.log\nvfs_log_save.c
/code/src/SDK/APP/features/falcon/core/lib.flc.nvfs.log/nvfs_log_vars.c,falcon\core\core\lib.flc.nvfs.log\nvfs_log_vars.c
/code/src/SDK/APP/features/falcon/core/lib.flc.obd_can/obd_can.c,falcon\core\core\lib.flc.obd_can\obd_can.c
/code/src/SDK/APP/features/falcon/core/lib.flc.obd_can/obd_can.h,falcon\core\core\lib.flc.obd_can\obd_can.h
/code/src/SDK/APP/features/falcon/core/lib.flc.obd_can/obd_can_activate.c,falcon\core\core\lib.flc.obd_can\obd_can_activate.c
/code/src/SDK/APP/features/falcon/core/lib.flc.obd_can/obd_can_clr_dtc.c,falcon\core\core\lib.flc.obd_can\obd_can_clr_dtc.c
/code/src/SDK/APP/features/falcon/core/lib.flc.obd_can/obd_can_cmd.c,falcon\core\core\lib.flc.obd_can\obd_can_cmd.c
/code/src/SDK/APP/features/falcon/core/lib.flc.obd_can/obd_can_config.c,falcon\core\core\lib.flc.obd_can\obd_can_config.c
/code/src/SDK/APP/features/falcon/core/lib.flc.obd_can/obd_can_ctrl_request.c,falcon\core\core\lib.flc.obd_can\obd_can_ctrl_request.c
/code/src/SDK/APP/features/falcon/core/lib.flc.obd_can/obd_can_ctrl_task.c,falcon\core\core\lib.flc.obd_can\obd_can_ctrl_task.c
/code/src/SDK/APP/features/falcon/core/lib.flc.obd_can/obd_can_deactivate.c,falcon\core\core\lib.flc.obd_can\obd_can_deactivate.c
/code/src/SDK/APP/features/falcon/core/lib.flc.obd_can/obd_can_display_status.c,falcon\core\core\lib.flc.obd_can\obd_can_display_status.c
/code/src/SDK/APP/features/falcon/core/lib.flc.obd_can/obd_can_display_support.c,falcon\core\core\lib.flc.obd_can\obd_can_display_support.c
/code/src/SDK/APP/features/falcon/core/lib.flc.obd_can/obd_can_err_add.c,falcon\core\core\lib.flc.obd_can\obd_can_err_add.c
/code/src/SDK/APP/features/falcon/core/lib.flc.obd_can/obd_can_ign.c,falcon\core\core\lib.flc.obd_can\obd_can_ign.c
/code/src/SDK/APP/features/falcon/core/lib.flc.obd_can/obd_can_init.c,falcon\core\core\lib.flc.obd_can\obd_can_init.c
/code/src/SDK/APP/features/falcon/core/lib.flc.obd_can/obd_can_init_can.c,falcon\core\core\lib.flc.obd_can\obd_can_init_can.c
/code/src/SDK/APP/features/falcon/core/lib.flc.obd_can/obd_can_init_nvfs.c,falcon\core\core\lib.flc.obd_can\obd_can_init_nvfs.c
/code/src/SDK/APP/features/falcon/core/lib.flc.obd_can/obd_can_init_reset.c,falcon\core\core\lib.flc.obd_can\obd_can_init_reset.c
/code/src/SDK/APP/features/falcon/core/lib.flc.obd_can/obd_can_is_active.c,falcon\core\core\lib.flc.obd_can\obd_can_is_active.c
/code/src/SDK/APP/features/falcon/core/lib.flc.obd_can/obd_can_is_connected.c,falcon\core\core\lib.flc.obd_can\obd_can_is_connected.c
/code/src/SDK/APP/features/falcon/core/lib.flc.obd_can/obd_can_is_req_supported.c,falcon\core\core\lib.flc.obd_can\obd_can_is_req_supported.c
/code/src/SDK/APP/features/falcon/core/lib.flc.obd_can/obd_can_private.h,falcon\core\core\lib.flc.obd_can\obd_can_private.h
/code/src/SDK/APP/features/falcon/core/lib.flc.obd_can/obd_can_reset.c,falcon\core\core\lib.flc.obd_can\obd_can_reset.c
/code/src/SDK/APP/features/falcon/core/lib.flc.obd_can/obd_can_rx.c,falcon\core\core\lib.flc.obd_can\obd_can_rx.c
/code/src/SDK/APP/features/falcon/core/lib.flc.obd_can/obd_can_rx_air_ambiant.c,falcon\core\core\lib.flc.obd_can\obd_can_rx_air_ambiant.c
/code/src/SDK/APP/features/falcon/core/lib.flc.obd_can/obd_can_rx_bat_volt.c,falcon\core\core\lib.flc.obd_can\obd_can_rx_bat_volt.c
/code/src/SDK/APP/features/falcon/core/lib.flc.obd_can/obd_can_rx_dtc.c,falcon\core\core\lib.flc.obd_can\obd_can_rx_dtc.c
/code/src/SDK/APP/features/falcon/core/lib.flc.obd_can/obd_can_rx_eng_coolant.c,falcon\core\core\lib.flc.obd_can\obd_can_rx_eng_coolant.c
/code/src/SDK/APP/features/falcon/core/lib.flc.obd_can/obd_can_rx_eng_run.c,falcon\core\core\lib.flc.obd_can\obd_can_rx_eng_run.c
/code/src/SDK/APP/features/falcon/core/lib.flc.obd_can/obd_can_rx_fuel_level.c,falcon\core\core\lib.flc.obd_can\obd_can_rx_fuel_level.c
/code/src/SDK/APP/features/falcon/core/lib.flc.obd_can/obd_can_rx_intake_temp.c,falcon\core\core\lib.flc.obd_can\obd_can_rx_intake_temp.c
/code/src/SDK/APP/features/falcon/core/lib.flc.obd_can/obd_can_rx_rpm.c,falcon\core\core\lib.flc.obd_can\obd_can_rx_rpm.c
/code/src/SDK/APP/features/falcon/core/lib.flc.obd_can/obd_can_rx_speed.c,falcon\core\core\lib.flc.obd_can\obd_can_rx_speed.c
/code/src/SDK/APP/features/falcon/core/lib.flc.obd_can/obd_can_rx_vin.c,falcon\core\core\lib.flc.obd_can\obd_can_rx_vin.c
/code/src/SDK/APP/features/falcon/core/lib.flc.obd_can/obd_can_scan_tool_detected.c,falcon\core\core\lib.flc.obd_can\obd_can_scan_tool_detected.c
/code/src/SDK/APP/features/falcon/core/lib.flc.obd_can/obd_can_timeout.c,falcon\core\core\lib.flc.obd_can\obd_can_timeout.c
/code/src/SDK/APP/features/falcon/core/lib.flc.obd_can/obd_can_tx.c,falcon\core\core\lib.flc.obd_can\obd_can_tx.c
/code/src/SDK/APP/features/falcon/core/lib.flc.obd_can/obd_can_vars.c,falcon\core\core\lib.flc.obd_can\obd_can_vars.c
/code/src/SDK/APP/features/falcon/core/lib.flc.pipe/pipe.h,falcon\core\core\lib.flc.pipe\pipe.h
/code/src/SDK/APP/features/falcon/core/lib.flc.pipe/pipe_create.c,falcon\core\core\lib.flc.pipe\pipe_create.c
/code/src/SDK/APP/features/falcon/core/lib.flc.pipe/pipe_insert.c,falcon\core\core\lib.flc.pipe\pipe_insert.c
/code/src/SDK/APP/features/falcon/core/lib.flc.pipe/pipe_private.h,falcon\core\core\lib.flc.pipe\pipe_private.h
/code/src/SDK/APP/features/falcon/core/lib.flc.pipe/pipe_remove.c,falcon\core\core\lib.flc.pipe\pipe_remove.c
/code/src/SDK/APP/features/falcon/core/lib.flc.process/process.h,falcon\core\core\lib.flc.process\process.h
/code/src/SDK/APP/features/falcon/core/lib.flc.process/process_create.c,falcon\core\core\lib.flc.process\process_create.c
/code/src/SDK/APP/features/falcon/core/lib.flc.process/process_create_cfg.c,falcon\core\core\lib.flc.process\process_create_cfg.c
/code/src/SDK/APP/features/falcon/core/lib.flc.process/process_init.c,falcon\core\core\lib.flc.process\process_init.c
/code/src/SDK/APP/features/falcon/core/lib.flc.process/process_launch.c,falcon\core\core\lib.flc.process\process_launch.c
/code/src/SDK/APP/features/falcon/core/lib.flc.process/process_looping.c,falcon\core\core\lib.flc.process\process_looping.c
/code/src/SDK/APP/features/falcon/core/lib.flc.process/process_looping_exec.c,falcon\core\core\lib.flc.process\process_looping_exec.c
/code/src/SDK/APP/features/falcon/core/lib.flc.process/process_looping_start.c,falcon\core\core\lib.flc.process\process_looping_start.c
/code/src/SDK/APP/features/falcon/core/lib.flc.process/process_private.h,falcon\core\core\lib.flc.process\process_private.h
/code/src/SDK/APP/features/falcon/core/lib.flc.process/process_queue.c,falcon\core\core\lib.flc.process\process_queue.c
/code/src/SDK/APP/features/falcon/core/lib.flc.process/process_set.c,falcon\core\core\lib.flc.process\process_set.c
/code/src/SDK/APP/features/falcon/core/lib.flc.process/process_state.c,falcon\core\core\lib.flc.process\process_state.c
/code/src/SDK/APP/features/falcon/core/lib.flc.process/process_vars.c,falcon\core\core\lib.flc.process\process_vars.c
/code/src/SDK/APP/features/falcon/core/lib.flc.sense_rs_can/sense_rs_can.h,falcon\core\core\lib.flc.sense_rs_can\sense_rs_can.h
/code/src/SDK/APP/features/falcon/core/lib.flc.sense_rs_can/sense_rs_can_all_doors.c,falcon\core\core\lib.flc.sense_rs_can\sense_rs_can_all_doors.c
/code/src/SDK/APP/features/falcon/core/lib.flc.sense_rs_can/sense_rs_can_brake.c,falcon\core\core\lib.flc.sense_rs_can\sense_rs_can_brake.c
/code/src/SDK/APP/features/falcon/core/lib.flc.sense_rs_can/sense_rs_can_dl_status.c,falcon\core\core\lib.flc.sense_rs_can\sense_rs_can_dl_status.c
/code/src/SDK/APP/features/falcon/core/lib.flc.sense_rs_can/sense_rs_can_drivers_door.c,falcon\core\core\lib.flc.sense_rs_can\sense_rs_can_drivers_door.c
/code/src/SDK/APP/features/falcon/core/lib.flc.sense_rs_can/sense_rs_can_glowplug.c,falcon\core\core\lib.flc.sense_rs_can\sense_rs_can_glowplug.c
/code/src/SDK/APP/features/falcon/core/lib.flc.sense_rs_can/sense_rs_can_handbrake.c,falcon\core\core\lib.flc.sense_rs_can\sense_rs_can_handbrake.c
/code/src/SDK/APP/features/falcon/core/lib.flc.sense_rs_can/sense_rs_can_hood.c,falcon\core\core\lib.flc.sense_rs_can\sense_rs_can_hood.c
/code/src/SDK/APP/features/falcon/core/lib.flc.sense_rs_can/sense_rs_can_ign.c,falcon\core\core\lib.flc.sense_rs_can\sense_rs_can_ign.c
/code/src/SDK/APP/features/falcon/core/lib.flc.sense_rs_can/sense_rs_can_init.c,falcon\core\core\lib.flc.sense_rs_can\sense_rs_can_init.c
/code/src/SDK/APP/features/falcon/core/lib.flc.sense_rs_can/sense_rs_can_key_in.c,falcon\core\core\lib.flc.sense_rs_can\sense_rs_can_key_in.c
/code/src/SDK/APP/features/falcon/core/lib.flc.sense_rs_can/sense_rs_can_neutral.c,falcon\core\core\lib.flc.sense_rs_can\sense_rs_can_neutral.c
/code/src/SDK/APP/features/falcon/core/lib.flc.sense_rs_can/sense_rs_can_oem_alarm.c,falcon\core\core\lib.flc.sense_rs_can\sense_rs_can_oem_alarm.c
/code/src/SDK/APP/features/falcon/core/lib.flc.sense_rs_can/sense_rs_can_oem_autolock.c,falcon\core\core\lib.flc.sense_rs_can\sense_rs_can_oem_autolock.c
/code/src/SDK/APP/features/falcon/core/lib.flc.sense_rs_can/sense_rs_can_oem_disable.c,falcon\core\core\lib.flc.sense_rs_can\sense_rs_can_oem_disable.c
/code/src/SDK/APP/features/falcon/core/lib.flc.sense_rs_can/sense_rs_can_oem_lock.c,falcon\core\core\lib.flc.sense_rs_can\sense_rs_can_oem_lock.c
/code/src/SDK/APP/features/falcon/core/lib.flc.sense_rs_can/sense_rs_can_oem_trunk.c,falcon\core\core\lib.flc.sense_rs_can\sense_rs_can_oem_trunk.c
/code/src/SDK/APP/features/falcon/core/lib.flc.sense_rs_can/sense_rs_can_oem_unlock.c,falcon\core\core\lib.flc.sense_rs_can\sense_rs_can_oem_unlock.c
/code/src/SDK/APP/features/falcon/core/lib.flc.sense_rs_can/sense_rs_can_other_doors.c,falcon\core\core\lib.flc.sense_rs_can\sense_rs_can_other_doors.c
/code/src/SDK/APP/features/falcon/core/lib.flc.sense_rs_can/sense_rs_can_private.h,falcon\core\core\lib.flc.sense_rs_can\sense_rs_can_private.h
/code/src/SDK/APP/features/falcon/core/lib.flc.sense_rs_can/sense_rs_can_rpm.c,falcon\core\core\lib.flc.sense_rs_can\sense_rs_can_rpm.c
/code/src/SDK/APP/features/falcon/core/lib.flc.sense_rs_can/sense_rs_can_skd.c,falcon\core\core\lib.flc.sense_rs_can\sense_rs_can_skd.c
/code/src/SDK/APP/features/falcon/core/lib.flc.sense_rs_can/sense_rs_can_speed.c,falcon\core\core\lib.flc.sense_rs_can\sense_rs_can_speed.c
/code/src/SDK/APP/features/falcon/core/lib.flc.sense_rs_can/sense_rs_can_trunk.c,falcon\core\core\lib.flc.sense_rs_can\sense_rs_can_trunk.c
/code/src/SDK/APP/features/falcon/core/lib.flc.sense_rs_can/sense_rs_can_vars.c,falcon\core\core\lib.flc.sense_rs_can\sense_rs_can_vars.c
/code/src/SDK/APP/features/falcon/core/lib.flc.timeout_q/timeout_q.h,falcon\core\core\lib.flc.timeout_q\timeout_q.h
/code/src/SDK/APP/features/falcon/core/lib.flc.timeout_q/timeout_q_execute.c,falcon\core\core\lib.flc.timeout_q\timeout_q_execute.c
/code/src/SDK/APP/features/falcon/core/lib.flc.timeout_q/timeout_q_free_create.c,falcon\core\core\lib.flc.timeout_q\timeout_q_free_create.c
/code/src/SDK/APP/features/falcon/core/lib.flc.timeout_q/timeout_q_init.c,falcon\core\core\lib.flc.timeout_q\timeout_q_init.c
/code/src/SDK/APP/features/falcon/core/lib.flc.timeout_q/timeout_q_insert.c,falcon\core\core\lib.flc.timeout_q\timeout_q_insert.c
/code/src/SDK/APP/features/falcon/core/lib.flc.timeout_q/timeout_q_loop.c,falcon\core\core\lib.flc.timeout_q\timeout_q_loop.c
/code/src/SDK/APP/features/falcon/core/lib.flc.timeout_q/timeout_q_private.h,falcon\core\core\lib.flc.timeout_q\timeout_q_private.h
/code/src/SDK/APP/features/falcon/core/lib.flc.timeout_q/timeout_q_remove.c,falcon\core\core\lib.flc.timeout_q\timeout_q_remove.c
/code/src/SDK/APP/features/falcon/core/lib.flc.timeout_q/timeout_q_vars.c,falcon\core\core\lib.flc.timeout_q\timeout_q_vars.c
/code/src/SDK/APP/features/falcon/core/lib.flc.tr/tr.h,falcon\core\core\lib.flc.tr\tr.h
/code/src/SDK/APP/features/falcon/core/lib.flc.tr/tr_init.c,falcon\core\core\lib.flc.tr\tr_init.c
/code/src/SDK/APP/features/falcon/core/lib.flc.tr/tr_private.h,falcon\core\core\lib.flc.tr\tr_private.h
/code/src/SDK/APP/features/falcon/core/lib.flc.tr/tr_reset.c,falcon\core\core\lib.flc.tr\tr_reset.c
/code/src/SDK/APP/features/falcon/core/lib.flc.tr/tr_timeout.c,falcon\core\core\lib.flc.tr\tr_timeout.c
/code/src/SDK/APP/features/falcon/core/lib.flc.tr/tr_trigger.c,falcon\core\core\lib.flc.tr\tr_trigger.c
/code/src/SDK/APP/features/falcon/core/lib.flc.tr/tr_vars.c,falcon\core\core\lib.flc.tr\tr_vars.c
/code/src/SDK/APP/features/falcon/core/lib.flc.tsk.rs/tsk_rs.h,falcon\core\core\lib.flc.tsk.rs\tsk_rs.h
/code/src/SDK/APP/features/falcon/core/lib.flc.tsk.rs/tsk_rs_brake.c,falcon\core\core\lib.flc.tsk.rs\tsk_rs_brake.c
/code/src/SDK/APP/features/falcon/core/lib.flc.tsk.rs/tsk_rs_cmd.c,falcon\core\core\lib.flc.tsk.rs\tsk_rs_cmd.c
/code/src/SDK/APP/features/falcon/core/lib.flc.tsk.rs/tsk_rs_cmd_init.c,falcon\core\core\lib.flc.tsk.rs\tsk_rs_cmd_init.c
/code/src/SDK/APP/features/falcon/core/lib.flc.tsk.rs/tsk_rs_init.c,falcon\core\core\lib.flc.tsk.rs\tsk_rs_init.c
/code/src/SDK/APP/features/falcon/core/lib.flc.tsk.rs/tsk_rs_private.h,falcon\core\core\lib.flc.tsk.rs\tsk_rs_private.h
/code/src/SDK/APP/features/falcon/core/lib.flc.tsk.rs/tsk_rs_pts_ctrl.c,falcon\core\core\lib.flc.tsk.rs\tsk_rs_pts_ctrl.c
/code/src/SDK/APP/features/falcon/core/lib.flc.tsk.rs/tsk_rs_register.c,falcon\core\core\lib.flc.tsk.rs\tsk_rs_register.c
/code/src/SDK/APP/features/falcon/core/lib.flc.tsk.rs/tsk_rs_shutdown.c,falcon\core\core\lib.flc.tsk.rs\tsk_rs_shutdown.c
/code/src/SDK/APP/features/falcon/core/lib.flc.tsk.rs/tsk_rs_tke.c,falcon\core\core\lib.flc.tsk.rs\tsk_rs_tke.c
/code/src/SDK/APP/features/falcon/core/lib.flc.tsk.rs/tsk_rs_tsk.c,falcon\core\core\lib.flc.tsk.rs\tsk_rs_tsk.c
/code/src/SDK/APP/features/falcon/core/lib.flc.tsk.rs/tsk_rs_vars.c,falcon\core\core\lib.flc.tsk.rs\tsk_rs_vars.c
/code/src/SDK/APP/features/general/lib.about/about.c,cmall\core\lib.about\about.c
/code/src/SDK/APP/features/general/lib.about/about.h,cmall\core\lib.about\about.h
/code/src/SDK/APP/features/general/lib.about/about_hw_info.c,cmall\core\lib.about\about_hw_info.c
/code/src/SDK/APP/features/general/lib.about/about_vars.c,cmall\core\lib.about\about_vars.c
/code/src/SDK/APP/features/general/lib.brand/brand.c,cmall\core\lib.brand\brand.c
/code/src/SDK/APP/features/general/lib.brand/brand.h,cmall\core\lib.brand\brand.h
/code/src/SDK/APP/features/general/lib.brand/brand_init.c,cmall\core\lib.brand\brand_init.c
/code/src/SDK/APP/features/general/lib.brand/brand_pre_init.c,cmall\core\lib.brand\brand_pre_init.c
/code/src/SDK/APP/features/general/lib.brand/brand_private.h,cmall\core\lib.brand\brand_private.h
/code/src/SDK/APP/features/general/lib.brand/brand_vars.c,cmall\core\lib.brand\brand_vars.c
/code/src/SDK/APP/features/general/lib.display/display.c,cmall\core\lib.display\display.c
/code/src/SDK/APP/features/general/lib.display/display.h,cmall\core\lib.display\display.h
/code/src/SDK/APP/features/general/lib.display/display_error.c,cmall\core\lib.display\display_error.c
/code/src/SDK/APP/features/general/lib.display/display_flash.c,cmall\core\lib.display\display_flash.c
/code/src/SDK/APP/features/general/lib.display/display_init.c,cmall\core\lib.display\display_init.c
/code/src/SDK/APP/features/general/lib.display/display_once.c,cmall\core\lib.display\display_once.c
/code/src/SDK/APP/features/general/lib.display/display_pass_cmd.c,cmall\core\lib.display\display_pass_cmd.c
/code/src/SDK/APP/features/general/lib.display/display_pattern.c,cmall\core\lib.display\display_pattern.c
/code/src/SDK/APP/features/general/lib.display/display_private.h,cmall\core\lib.display\display_private.h
/code/src/SDK/APP/features/general/lib.display/display_prog.c,cmall\core\lib.display\display_prog.c
/code/src/SDK/APP/features/general/lib.display/display_task.c,cmall\core\lib.display\display_task.c
/code/src/SDK/APP/features/general/lib.display/display_vars.c,cmall\core\lib.display\display_vars.c
/code/src/SDK/APP/features/general/lib.feature/feature.c,cmall\core\lib.feature\feature.c
/code/src/SDK/APP/features/general/lib.feature/feature.h,cmall\core\lib.feature\feature.h
/code/src/SDK/APP/features/general/lib.feature/feature_get.c,cmall\core\lib.feature\feature_get.c
/code/src/SDK/APP/features/general/lib.feature/feature_init.c,cmall\core\lib.feature\feature_init.c
/code/src/SDK/APP/features/general/lib.feature/feature_private.h,cmall\core\lib.feature\feature_private.h
/code/src/SDK/APP/features/general/lib.feature/feature_set.c,cmall\core\lib.feature\feature_set.c
/code/src/SDK/APP/features/general/lib.feature/feature_set_table.c,cmall\core\lib.feature\feature_set_table.c
/code/src/SDK/APP/features/general/lib.feature/feature_vars.c,cmall\core\lib.feature\feature_vars.c
/code/src/SDK/APP/features/ngmm/lib.ngmm_feature/dei_feature.h,cmall\core\lib.ngmm_feature\dei_feature.h
/code/src/SDK/APP/features/ngmm/lib.ngmm_feature/ngmm_feature.c,cmall\core\lib.ngmm_feature\ngmm_feature.c
/code/src/SDK/APP/features/ngmm/lib.ngmm_feature/ngmm_feature.h,cmall\core\lib.ngmm_feature\ngmm_feature.h
/code/src/SDK/APP/features/ngmm/lib.ngmm_feature/ngmm_feature_check.c,cmall\core\lib.ngmm_feature\ngmm_feature_check.c
/code/src/SDK/APP/features/ngmm/lib.ngmm_feature/ngmm_feature_get.c,cmall\core\lib.ngmm_feature\ngmm_feature_get.c
/code/src/SDK/APP/features/ngmm/lib.ngmm_feature/ngmm_feature_init.c,cmall\core\lib.ngmm_feature\ngmm_feature_init.c
/code/src/SDK/APP/features/ngmm/lib.ngmm_feature/ngmm_feature_private.h,cmall\core\lib.ngmm_feature\ngmm_feature_private.h
/code/src/SDK/APP/features/ngmm/lib.ngmm_feature/ngmm_feature_reset.c,cmall\core\lib.ngmm_feature\ngmm_feature_reset.c
/code/src/SDK/APP/features/ngmm/lib.ngmm_feature/ngmm_feature_save.c,cmall\core\lib.ngmm_feature\ngmm_feature_save.c
/code/src/SDK/APP/features/ngmm/lib.ngmm_feature/ngmm_feature_set.c,cmall\core\lib.ngmm_feature\ngmm_feature_set.c
/code/src/SDK/APP/features/ngmm/lib.ngmm_feature/ngmm_feature_vars.c,cmall\core\lib.ngmm_feature\ngmm_feature_vars.c
/code/src/SDK/APP/framework/lib.status_system/status_system.c,cmall\core\lib.status_system\status_system.c
/code/src/SDK/APP/framework/lib.status_system/status_system.h,cmall\core\lib.status_system\status_system.h
/code/src/SDK/APP/framework/lib.status_system/status_system_get.c,cmall\core\lib.status_system\status_system_get.c
/code/src/SDK/APP/framework/lib.status_system/status_system_init.c,cmall\core\lib.status_system\status_system_init.c
/code/src/SDK/APP/framework/lib.status_system/status_system_private.h,cmall\core\lib.status_system\status_system_private.h
/code/src/SDK/APP/framework/lib.status_system/status_system_set.c,cmall\core\lib.status_system\status_system_set.c
/code/src/SDK/APP/framework/lib.status_system/status_system_vars.c,cmall\core\lib.status_system\status_system_vars.c
/code/src/SDK/APP/framework/lib.system/dei_system.h,cmall\core\lib.system\dei_system.h
/code/src/SDK/APP/framework/lib.system/dei_system_common_events.c,cmall\core\lib.system\dei_system_common_events.c
/code/src/SDK/APP/framework/lib.system/dei_system_common_init.c,cmall\core\lib.system\dei_system_common_init.c
/code/src/SDK/APP/framework/lib.system/dei_system_convenience_alert.c,cmall\core\lib.system\dei_system_convenience_alert.c
/code/src/SDK/APP/framework/lib.system/dei_system_headlight_alert.c,cmall\core\lib.system\dei_system_headlight_alert.c
/code/src/SDK/APP/framework/lib.system/dei_system_hybrid_init.c,cmall\core\lib.system\dei_system_hybrid_init.c
/code/src/SDK/APP/framework/lib.system/dei_system_ign_dome.c,cmall\core\lib.system\dei_system_ign_dome.c
/code/src/SDK/APP/framework/lib.system/dei_system_ign_lock.c,cmall\core\lib.system\dei_system_ign_lock.c
/code/src/SDK/APP/framework/lib.system/dei_system_ign_stat.c,cmall\core\lib.system\dei_system_ign_stat.c
/code/src/SDK/APP/framework/lib.system/dei_system_init.c,cmall\core\lib.system\dei_system_init.c
/code/src/SDK/APP/framework/lib.system/dei_system_oem_lock.c,cmall\core\lib.system\dei_system_oem_lock.c
/code/src/SDK/APP/framework/lib.system/dei_system_oem_unlock.c,cmall\core\lib.system\dei_system_oem_unlock.c
/code/src/SDK/APP/framework/lib.system/dei_system_pre_init.c,cmall\core\lib.system\dei_system_pre_init.c
/code/src/SDK/APP/framework/lib.system/dei_system_prg.c,cmall\core\lib.system\dei_system_prg.c
/code/src/SDK/APP/framework/lib.system/dei_system_private.h,cmall\core\lib.system\dei_system_private.h
/code/src/SDK/APP/framework/lib.system/dei_system_rf_1btn.c,cmall\core\lib.system\dei_system_rf_1btn.c
/code/src/SDK/APP/framework/lib.system/dei_system_rf_car_finder.c,cmall\core\lib.system\dei_system_rf_car_finder.c
/code/src/SDK/APP/framework/lib.system/dei_system_rf_ch3.c,cmall\core\lib.system\dei_system_rf_ch3.c
/code/src/SDK/APP/framework/lib.system/dei_system_rf_ch4.c,cmall\core\lib.system\dei_system_rf_ch4.c
/code/src/SDK/APP/framework/lib.system/dei_system_rf_ch5.c,cmall\core\lib.system\dei_system_rf_ch5.c
/code/src/SDK/APP/framework/lib.system/dei_system_rf_ch6.c,cmall\core\lib.system\dei_system_rf_ch6.c
/code/src/SDK/APP/framework/lib.system/dei_system_rf_error.c,cmall\core\lib.system\dei_system_rf_error.c
/code/src/SDK/APP/framework/lib.system/dei_system_rf_init.c,cmall\core\lib.system\dei_system_rf_init.c
/code/src/SDK/APP/framework/lib.system/dei_system_rf_keyboard_unlock.c,cmall\core\lib.system\dei_system_rf_keyboard_unlock.c
/code/src/SDK/APP/framework/lib.system/dei_system_rf_lock.c,cmall\core\lib.system\dei_system_rf_lock.c
/code/src/SDK/APP/framework/lib.system/dei_system_rf_panic.c,cmall\core\lib.system\dei_system_rf_panic.c
/code/src/SDK/APP/framework/lib.system/dei_system_rf_range_check.c,cmall\core\lib.system\dei_system_rf_range_check.c
/code/src/SDK/APP/framework/lib.system/dei_system_rf_temp.c,cmall\core\lib.system\dei_system_rf_temp.c
/code/src/SDK/APP/framework/lib.system/dei_system_rf_trunk.c,cmall\core\lib.system\dei_system_rf_trunk.c
/code/src/SDK/APP/framework/lib.system/dei_system_rf_unlock.c,cmall\core\lib.system\dei_system_rf_unlock.c
/code/src/SDK/APP/framework/lib.system/dei_system_rs_init.c,cmall\core\lib.system\dei_system_rs_init.c
/code/src/SDK/APP/framework/lib.system/dei_system_sense_init.c,cmall\core\lib.system\dei_system_sense_init.c
/code/src/SDK/APP/framework/lib.system/dei_system_smart_start_init.c,cmall\core\lib.system\dei_system_smart_start_init.c
/code/src/SDK/APP/framework/lib.system/dei_system_ss_init.c,cmall\core\lib.system\dei_system_ss_init.c
/code/src/SDK/APP/framework/lib.system/dei_system_vars.c,cmall\core\lib.system\dei_system_vars.c
/code/src/SDK/APP/framework/lib.system/system.c,cmall\core\lib.system\system.c
/code/src/SDK/APP/framework/lib.system_ui/system_ui.c,cmall\core\lib.system_ui\system_ui.c
/code/src/SDK/APP/framework/lib.system_ui/system_ui.h,cmall\core\lib.system_ui\system_ui.h
/code/src/SDK/APP/framework/lib.system_ui/system_ui_init.c,cmall\core\lib.system_ui\system_ui_init.c
/code/src/SDK/APP/framework/lib.system_ui/system_ui_menu_select.c,cmall\core\lib.system_ui\system_ui_menu_select.c
/code/src/SDK/APP/framework/lib.system_ui/system_ui_private.h,cmall\core\lib.system_ui\system_ui_private.h
/code/src/SDK/APP/framework/lib.system_ui/system_ui_vars.c,cmall\core\lib.system_ui\system_ui_vars.c
/code/src/SDK/APP/services/control/lib.cmd/cmd.c,common\core\lib.cmd\cmd.c
/code/src/SDK/APP/services/control/lib.cmd/cmd.h,common\core\lib.cmd\cmd.h
/code/src/SDK/APP/services/control/lib.cmd/cmd_error.c,common\core\lib.cmd\cmd_error.c
/code/src/SDK/APP/services/control/lib.cmd/cmd_get_pld.c,common\core\lib.cmd\cmd_get_pld.c
/code/src/SDK/APP/services/control/lib.cmd/cmd_init.c,common\core\lib.cmd\cmd_init.c
/code/src/SDK/APP/services/control/lib.cmd/cmd_init_nvfs.c,common\core\lib.cmd\cmd_init_nvfs.c
/code/src/SDK/APP/services/control/lib.cmd/cmd_init_reset.c,common\core\lib.cmd\cmd_init_reset.c
/code/src/SDK/APP/services/control/lib.cmd/cmd_lut_clr_mode.c,common\core\lib.cmd\cmd_lut_clr_mode.c
/code/src/SDK/APP/services/control/lib.cmd/cmd_lut_insert.c,common\core\lib.cmd\cmd_lut_insert.c
/code/src/SDK/APP/services/control/lib.cmd/cmd_lut_remove.c,common\core\lib.cmd\cmd_lut_remove.c
/code/src/SDK/APP/services/control/lib.cmd/cmd_lut_set_mode.c,common\core\lib.cmd\cmd_lut_set_mode.c
/code/src/SDK/APP/services/control/lib.cmd/cmd_private.h,common\core\lib.cmd\cmd_private.h
/code/src/SDK/APP/services/control/lib.cmd/cmd_q_insert.c,common\core\lib.cmd\cmd_q_insert.c
/code/src/SDK/APP/services/control/lib.cmd/cmd_reset.c,common\core\lib.cmd\cmd_reset.c
/code/src/SDK/APP/services/control/lib.cmd/cmd_task.c,common\core\lib.cmd\cmd_task.c
/code/src/SDK/APP/services/control/lib.cmd/cmd_trace.c,common\core\lib.cmd\cmd_trace.c
/code/src/SDK/APP/services/control/lib.cmd/cmd_trace.ptp,common\core\lib.cmd\cmd_trace.ptp
/code/src/SDK/APP/services/control/lib.cmd/cmd_vars.c,common\core\lib.cmd\cmd_vars.c
/code/src/SDK/APP/services/control/lib.ctl.dl/ctl_dl.c,common\core\lib.ctl.dl\ctl_dl.c
/code/src/SDK/APP/services/control/lib.ctl.dl/ctl_dl.h,common\core\lib.ctl.dl\ctl_dl.h
/code/src/SDK/APP/services/control/lib.ctl.dl/ctl_dl_brake.c,common\core\lib.ctl.dl\ctl_dl_brake.c
/code/src/SDK/APP/services/control/lib.ctl.dl/ctl_dl_defer_action.c,common\core\lib.ctl.dl\ctl_dl_defer_action.c
/code/src/SDK/APP/services/control/lib.ctl.dl/ctl_dl_defer_timeout.c,common\core\lib.ctl.dl\ctl_dl_defer_timeout.c
/code/src/SDK/APP/services/control/lib.ctl.dl/ctl_dl_gwr.c,common\core\lib.ctl.dl\ctl_dl_gwr.c
/code/src/SDK/APP/services/control/lib.ctl.dl/ctl_dl_gwr_timeout.c,common\core\lib.ctl.dl\ctl_dl_gwr_timeout.c
/code/src/SDK/APP/services/control/lib.ctl.dl/ctl_dl_ign.c,common\core\lib.ctl.dl\ctl_dl_ign.c
/code/src/SDK/APP/services/control/lib.ctl.dl/ctl_dl_init.c,common\core\lib.ctl.dl\ctl_dl_init.c
/code/src/SDK/APP/services/control/lib.ctl.dl/ctl_dl_private.h,common\core\lib.ctl.dl\ctl_dl_private.h
/code/src/SDK/APP/services/control/lib.ctl.dl/ctl_dl_speed_set.c,common\core\lib.ctl.dl\ctl_dl_speed_set.c
/code/src/SDK/APP/services/control/lib.ctl.dl/ctl_dl_vars.c,common\core\lib.ctl.dl\ctl_dl_vars.c
/code/src/SDK/APP/services/control/lib.pts_ctl/pts_ctl.c,common\core\lib.pts_ctl\pts_ctl.c
/code/src/SDK/APP/services/control/lib.pts_ctl/pts_ctl.h,common\core\lib.pts_ctl\pts_ctl.h
/code/src/SDK/APP/services/control/lib.pts_ctl/pts_ctl_private.h,common\core\lib.pts_ctl\pts_ctl_private.h
/code/src/SDK/APP/services/events/lib.evt/evt.c,cmall\core\lib.evt\evt.c
/code/src/SDK/APP/services/events/lib.evt/evt.h,cmall\core\lib.evt\evt.h
/code/src/SDK/APP/services/events/lib.evt/evt_guard.c,cmall\core\lib.evt\evt_guard.c
/code/src/SDK/APP/services/events/lib.evt/evt_init.c,cmall\core\lib.evt\evt_init.c
/code/src/SDK/APP/services/events/lib.evt/evt_notify.c,cmall\core\lib.evt\evt_notify.c
/code/src/SDK/APP/services/events/lib.evt/evt_private.h,cmall\core\lib.evt\evt_private.h
/code/src/SDK/APP/services/events/lib.evt/evt_search.c,cmall\core\lib.evt\evt_search.c
/code/src/SDK/APP/services/events/lib.evt/evt_vars.c,cmall\core\lib.evt\evt_vars.c
/code/src/SDK/APP/services/events/lib.notify/notify.c,cmall\core\lib.notify\notify.c
/code/src/SDK/APP/services/events/lib.notify/notify.h,cmall\core\lib.notify\notify.h
/code/src/SDK/APP/services/events/lib.notify/notify_add.c,cmall\core\lib.notify\notify_add.c
/code/src/SDK/APP/services/events/lib.notify/notify_init.c,cmall\core\lib.notify\notify_init.c
/code/src/SDK/APP/services/events/lib.notify/notify_private.h,cmall\core\lib.notify\notify_private.h
/code/src/SDK/APP/services/events/lib.notify/notify_rem.c,cmall\core\lib.notify\notify_rem.c
/code/src/SDK/APP/services/events/lib.notify/notify_send.c,cmall\core\lib.notify\notify_send.c
/code/src/SDK/APP/services/events/lib.notify/notify_tsk.c,cmall\core\lib.notify\notify_tsk.c
/code/src/SDK/APP/services/events/lib.notify/notify_txt.c,cmall\core\lib.notify\notify_txt.c
/code/src/SDK/APP/services/events/lib.notify/notify_vars.c,cmall\core\lib.notify\notify_vars.c
/code/src/SDK/APP/services/events/lib.sense.notify/sense_notify.c,common\core\lib.sense.notify\sense_notify.c
/code/src/SDK/APP/services/events/lib.sense.notify/sense_notify.h,common\core\lib.sense.notify\sense_notify.h
/code/src/SDK/APP/services/events/lib.sense.notify/sense_notify_alarm.c,common\core\lib.sense.notify\sense_notify_alarm.c
/code/src/SDK/APP/services/events/lib.sense.notify/sense_notify_brake.c,common\core\lib.sense.notify\sense_notify_brake.c
/code/src/SDK/APP/services/events/lib.sense.notify/sense_notify_dbg_print.c,common\core\lib.sense.notify\sense_notify_dbg_print.c
/code/src/SDK/APP/services/events/lib.sense.notify/sense_notify_door.c,common\core\lib.sense.notify\sense_notify_door.c
/code/src/SDK/APP/services/events/lib.sense.notify/sense_notify_doorlock.c,common\core\lib.sense.notify\sense_notify_doorlock.c
/code/src/SDK/APP/services/events/lib.sense.notify/sense_notify_door_trunk.c,common\core\lib.sense.notify\sense_notify_door_trunk.c
/code/src/SDK/APP/services/events/lib.sense.notify/sense_notify_hbrake.c,common\core\lib.sense.notify\sense_notify_hbrake.c
/code/src/SDK/APP/services/events/lib.sense.notify/sense_notify_hood.c,common\core\lib.sense.notify\sense_notify_hood.c
/code/src/SDK/APP/services/events/lib.sense.notify/sense_notify_ign.c,common\core\lib.sense.notify\sense_notify_ign.c
/code/src/SDK/APP/services/events/lib.sense.notify/sense_notify_init.c,common\core\lib.sense.notify\sense_notify_init.c
/code/src/SDK/APP/services/events/lib.sense.notify/sense_notify_keyin.c,common\core\lib.sense.notify\sense_notify_keyin.c
/code/src/SDK/APP/services/events/lib.sense.notify/sense_notify_misc.c,common\core\lib.sense.notify\sense_notify_misc.c
/code/src/SDK/APP/services/events/lib.sense.notify/sense_notify_private.h,common\core\lib.sense.notify\sense_notify_private.h
/code/src/SDK/APP/services/events/lib.sense.notify/sense_notify_rke.c,common\core\lib.sense.notify\sense_notify_rke.c
/code/src/SDK/APP/services/events/lib.sense.notify/sense_notify_rpm.c,common\core\lib.sense.notify\sense_notify_rpm.c
/code/src/SDK/APP/services/events/lib.sense.notify/sense_notify_skd.c,common\core\lib.sense.notify\sense_notify_skd.c
/code/src/SDK/APP/services/events/lib.sense.notify/sense_notify_speed.c,common\core\lib.sense.notify\sense_notify_speed.c
/code/src/SDK/APP/services/events/lib.sense.notify/sense_notify_trunk.c,common\core\lib.sense.notify\sense_notify_trunk.c
/code/src/SDK/APP/services/events/lib.sense.notify/sense_notify_vars.c,common\core\lib.sense.notify\sense_notify_vars.c
/code/src/SDK/APP/services/outputs/lib.led/led.c,cmall\core\lib.led\led.c
/code/src/SDK/APP/services/outputs/lib.led/led.h,cmall\core\lib.led\led.h
/code/src/SDK/APP/services/outputs/lib.led/led_atomic_release.c,cmall\core\lib.led\led_atomic_release.c
/code/src/SDK/APP/services/outputs/lib.led/led_atomic_request.c,cmall\core\lib.led\led_atomic_request.c
/code/src/SDK/APP/services/outputs/lib.led/led_ctrl_all.c,cmall\core\lib.led\led_ctrl_all.c
/code/src/SDK/APP/services/outputs/lib.led/led_ctrl_blue.c,cmall\core\lib.led\led_ctrl_blue.c
/code/src/SDK/APP/services/outputs/lib.led/led_ctrl_green.c,cmall\core\lib.led\led_ctrl_green.c
/code/src/SDK/APP/services/outputs/lib.led/led_ctrl_red.c,cmall\core\lib.led\led_ctrl_red.c
/code/src/SDK/APP/services/outputs/lib.led/led_ctrl_yellow.c,cmall\core\lib.led\led_ctrl_yellow.c
/code/src/SDK/APP/services/outputs/lib.led/led_execute.c,cmall\core\lib.led\led_execute.c
/code/src/SDK/APP/services/outputs/lib.led/led_flash.c,cmall\core\lib.led\led_flash.c
/code/src/SDK/APP/services/outputs/lib.led/led_init.c,cmall\core\lib.led\led_init.c
/code/src/SDK/APP/services/outputs/lib.led/led_private.h,cmall\core\lib.led\led_private.h
/code/src/SDK/APP/services/outputs/lib.led/led_reset.c,cmall\core\lib.led\led_reset.c
/code/src/SDK/APP/services/outputs/lib.led/led_vars.c,cmall\core\lib.led\led_vars.c
/code/src/SDK/APP/services/outputs/lib.out/out.c,cmall\core\lib.out\out.c
/code/src/SDK/APP/services/outputs/lib.out/out.h,cmall\core\lib.out\out.h
/code/src/SDK/APP/services/outputs/lib.out/out_build.c,cmall\core\lib.out\out_build.c
/code/src/SDK/APP/services/outputs/lib.out/out_create.c,cmall\core\lib.out\out_create.c
/code/src/SDK/APP/services/outputs/lib.out/out_exec.c,cmall\core\lib.out\out_exec.c
/code/src/SDK/APP/services/outputs/lib.out/out_exec_start.c,cmall\core\lib.out\out_exec_start.c
/code/src/SDK/APP/services/outputs/lib.out/out_exec_stop.c,cmall\core\lib.out\out_exec_stop.c
/code/src/SDK/APP/services/outputs/lib.out/out_private.h,cmall\core\lib.out\out_private.h
/code/src/SDK/APP/services/outputs/lib.out/out_set.c,cmall\core\lib.out\out_set.c
/code/src/SDK/APP/services/outputs/lib.out/out_state.c,cmall\core\lib.out\out_state.c
/code/src/SDK/APP/services/outputs/lib.out/out_vars.c,cmall\core\lib.out\out_vars.c
/code/src/SDK/APP/services/outputs/lib.out_fifo/out_fifo.c,cmall\core\lib.out_fifo\out_fifo.c
/code/src/SDK/APP/services/outputs/lib.out_fifo/out_fifo.h,cmall\core\lib.out_fifo\out_fifo.h
/code/src/SDK/APP/services/outputs/lib.out_fifo/out_fifo_create.c,cmall\core\lib.out_fifo\out_fifo_create.c
/code/src/SDK/APP/services/outputs/lib.out_fifo/out_fifo_exec.c,cmall\core\lib.out_fifo\out_fifo_exec.c
/code/src/SDK/APP/services/outputs/lib.out_fifo/out_fifo_insert.c,cmall\core\lib.out_fifo\out_fifo_insert.c
/code/src/SDK/APP/services/outputs/lib.out_fifo/out_fifo_private.h,cmall\core\lib.out_fifo\out_fifo_private.h
/code/src/SDK/APP/services/outputs/lib.out_fifo/out_fifo_reset.c,cmall\core\lib.out_fifo\out_fifo_reset.c
/code/src/SDK/APP/services/outputs/lib.out_fifo/out_fifo_vars.c,cmall\core\lib.out_fifo\out_fifo_vars.c
/code/src/SDK/APP/services/outputs/lib.out_q/out_q.c,cmall\core\lib.out_q\out_q.c
/code/src/SDK/APP/services/outputs/lib.out_q/out_q.h,cmall\core\lib.out_q\out_q.h
/code/src/SDK/APP/services/outputs/lib.out_q/out_q_exec.c,cmall\core\lib.out_q\out_q_exec.c
/code/src/SDK/APP/services/outputs/lib.out_q/out_q_free_create.c,cmall\core\lib.out_q\out_q_free_create.c
/code/src/SDK/APP/services/outputs/lib.out_q/out_q_init.c,cmall\core\lib.out_q\out_q_init.c
/code/src/SDK/APP/services/outputs/lib.out_q/out_q_insert.c,cmall\core\lib.out_q\out_q_insert.c
/code/src/SDK/APP/services/outputs/lib.out_q/out_q_private.h,cmall\core\lib.out_q\out_q_private.h
/code/src/SDK/APP/services/outputs/lib.out_q/out_q_remove.c,cmall\core\lib.out_q\out_q_remove.c
/code/src/SDK/APP/services/outputs/lib.out_q/out_q_vars.c,cmall\core\lib.out_q\out_q_vars.c
/code/src/SDK/APP/services/outputs/lib.siren/dei_siren.h,cmall\core\lib.siren\dei_siren.h
/code/src/SDK/APP/services/outputs/lib.siren/dei_siren_chirp.c,cmall\core\lib.siren\dei_siren_chirp.c
/code/src/SDK/APP/services/outputs/lib.siren/dei_siren_control.c,cmall\core\lib.siren\dei_siren_control.c
/code/src/SDK/APP/services/outputs/lib.siren/dei_siren_init.c,cmall\core\lib.siren\dei_siren_init.c
/code/src/SDK/APP/services/outputs/lib.siren/dei_siren_private.h,cmall\core\lib.siren\dei_siren_private.h
/code/src/SDK/APP/services/outputs/lib.siren/dei_siren_vars.c,cmall\core\lib.siren\dei_siren_vars.c
/code/src/SDK/APP/services/outputs/lib.siren/siren.c,cmall\core\lib.siren\siren.c
/code/src/SDK/APP/services/queues/lib.exec/exec.c,common\core\lib.exec\exec.c
/code/src/SDK/APP/services/queues/lib.exec/exec.h,common\core\lib.exec\exec.h
/code/src/SDK/APP/services/queues/lib.exec/exec_init.c,common\core\lib.exec\exec_init.c
/code/src/SDK/APP/services/queues/lib.exec/exec_private.h,common\core\lib.exec\exec_private.h
/code/src/SDK/APP/services/queues/lib.exec/exec_q_free_add.c,common\core\lib.exec\exec_q_free_add.c
/code/src/SDK/APP/services/queues/lib.exec/exec_q_free_create.c,common\core\lib.exec\exec_q_free_create.c
/code/src/SDK/APP/services/queues/lib.exec/exec_q_insert.c,common\core\lib.exec\exec_q_insert.c
/code/src/SDK/APP/services/queues/lib.exec/exec_q_remove.c,common\core\lib.exec\exec_q_remove.c
/code/src/SDK/APP/services/queues/lib.exec/exec_task.c,common\core\lib.exec\exec_task.c
/code/src/SDK/APP/services/queues/lib.exec/exec_vars.c,common\core\lib.exec\exec_vars.c
/code/src/SDK/APP/services/queues/lib.fifo/fifo.c,common\core\lib.fifo\fifo.c
/code/src/SDK/APP/services/queues/lib.fifo/fifo.h,common\core\lib.fifo\fifo.h
/code/src/SDK/APP/services/queues/lib.fifo/fifo_init.c,common\core\lib.fifo\fifo_init.c
/code/src/SDK/APP/services/queues/lib.fifo/fifo_insert.c,common\core\lib.fifo\fifo_insert.c
/code/src/SDK/APP/services/queues/lib.fifo/fifo_private.h,common\core\lib.fifo\fifo_private.h
/code/src/SDK/APP/services/queues/lib.fifo/fifo_remove.c,common\core\lib.fifo\fifo_remove.c
/code/src/SDK/APP/services/queues/lib.fifo/fifo_unlink.c,common\core\lib.fifo\fifo_unlink.c
/code/src/SDK/APP/services/queues/lib.q/q.c,common\core\lib.q\q.c
/code/src/SDK/APP/services/queues/lib.q/q.h,common\core\lib.q\q.h
/code/src/SDK/APP/services/queues/lib.q/q_assign.c,common\core\lib.q\q_assign.c
/code/src/SDK/APP/services/queues/lib.q/q_create.c,common\core\lib.q\q_create.c
/code/src/SDK/APP/services/queues/lib.q/q_empty.c,common\core\lib.q\q_empty.c
/code/src/SDK/APP/services/queues/lib.q/q_insert.c,common\core\lib.q\q_insert.c
/code/src/SDK/APP/services/queues/lib.q/q_private.h,common\core\lib.q\q_private.h
/code/src/SDK/APP/services/queues/lib.q/q_remove.c,common\core\lib.q\q_remove.c
/code/src/SDK/APP/services/queues/lib.q/q_remove_c.c,common\core\lib.q\q_remove_c.c
/code/src/SDK/APP/services/queues/lib.q/q_return.c,common\core\lib.q\q_return.c
/code/src/SDK/APP/services/queues/lib.reg.q/reg_q.c,common\core\lib.reg.q\reg_q.c
/code/src/SDK/APP/services/queues/lib.reg.q/reg_q.h,common\core\lib.reg.q\reg_q.h
/code/src/SDK/APP/services/queues/lib.reg.q/reg_q_assign_func.c,common\core\lib.reg.q\reg_q_assign_func.c
/code/src/SDK/APP/services/queues/lib.reg.q/reg_q_clr_mode.c,common\core\lib.reg.q\reg_q_clr_mode.c
/code/src/SDK/APP/services/queues/lib.reg.q/reg_q_exec_func.c,common\core\lib.reg.q\reg_q_exec_func.c
/code/src/SDK/APP/services/queues/lib.reg.q/reg_q_private.h,common\core\lib.reg.q\reg_q_private.h
/code/src/SDK/APP/services/queues/lib.reg.q/reg_q_rem_func.c,common\core\lib.reg.q\reg_q_rem_func.c
/code/src/SDK/APP/services/queues/lib.reg.q/reg_q_set_mode.c,common\core\lib.reg.q\reg_q_set_mode.c
/code/src/SDK/APP/services/queues/lib.reg.q/reg_q_table_create.c,common\core\lib.reg.q\reg_q_table_create.c
/code/src/SDK/APP/services/queues/lib.reg.q/reg_q_vars.c,common\core\lib.reg.q\reg_q_vars.c
/code/src/SDK/APP/services/sensors/lib.ecm_vtacho/ecm_vtacho.c,cmall\core\lib.ecm_vtacho\ecm_vtacho.c
/code/src/SDK/APP/services/sensors/lib.ecm_vtacho/ecm_vtacho.h,cmall\core\lib.ecm_vtacho\ecm_vtacho.h
/code/src/SDK/APP/services/sensors/lib.ecm_vtacho/ecm_vtacho_check.c,cmall\core\lib.ecm_vtacho\ecm_vtacho_check.c
/code/src/SDK/APP/services/sensors/lib.ecm_vtacho/ecm_vtacho_delay.c,cmall\core\lib.ecm_vtacho\ecm_vtacho_delay.c
/code/src/SDK/APP/services/sensors/lib.ecm_vtacho/ecm_vtacho_engine_status.c,cmall\core\lib.ecm_vtacho\ecm_vtacho_engine_status.c
/code/src/SDK/APP/services/sensors/lib.ecm_vtacho/ecm_vtacho_gwr.c,cmall\core\lib.ecm_vtacho\ecm_vtacho_gwr.c
/code/src/SDK/APP/services/sensors/lib.ecm_vtacho/ecm_vtacho_ign.c,cmall\core\lib.ecm_vtacho\ecm_vtacho_ign.c
/code/src/SDK/APP/services/sensors/lib.ecm_vtacho/ecm_vtacho_init.c,cmall\core\lib.ecm_vtacho\ecm_vtacho_init.c
/code/src/SDK/APP/services/sensors/lib.ecm_vtacho/ecm_vtacho_looping.c,cmall\core\lib.ecm_vtacho\ecm_vtacho_looping.c
/code/src/SDK/APP/services/sensors/lib.ecm_vtacho/ecm_vtacho_private.h,cmall\core\lib.ecm_vtacho\ecm_vtacho_private.h
/code/src/SDK/APP/services/sensors/lib.ecm_vtacho/ecm_vtacho_ref.c,cmall\core\lib.ecm_vtacho\ecm_vtacho_ref.c
/code/src/SDK/APP/services/sensors/lib.ecm_vtacho/ecm_vtacho_rs_state.c,cmall\core\lib.ecm_vtacho\ecm_vtacho_rs_state.c
/code/src/SDK/APP/services/sensors/lib.ecm_vtacho/ecm_vtacho_start.c,cmall\core\lib.ecm_vtacho\ecm_vtacho_start.c
/code/src/SDK/APP/services/sensors/lib.ecm_vtacho/ecm_vtacho_update.c,cmall\core\lib.ecm_vtacho\ecm_vtacho_update.c
/code/src/SDK/APP/services/sensors/lib.ecm_vtacho/ecm_vtacho_vars.c,cmall\core\lib.ecm_vtacho\ecm_vtacho_vars.c
/code/src/SDK/APP/services/sensors/lib.sense_rs/sense_rs.c,cmall\core\lib.sense_rs\sense_rs.c
/code/src/SDK/APP/services/sensors/lib.sense_rs/sense_rs.h,cmall\core\lib.sense_rs\sense_rs.h
/code/src/SDK/APP/services/sensors/lib.sense_rs/sense_rs_brake.c,cmall\core\lib.sense_rs\sense_rs_brake.c
/code/src/SDK/APP/services/sensors/lib.sense_rs/sense_rs_cutom.c,cmall\core\lib.sense_rs\sense_rs_cutom.c
/code/src/SDK/APP/services/sensors/lib.sense_rs/sense_rs_door.c,cmall\core\lib.sense_rs\sense_rs_door.c
/code/src/SDK/APP/services/sensors/lib.sense_rs/sense_rs_gearbox_type.c,cmall\core\lib.sense_rs\sense_rs_gearbox_type.c
/code/src/SDK/APP/services/sensors/lib.sense_rs/sense_rs_get_config.c,cmall\core\lib.sense_rs\sense_rs_get_config.c
/code/src/SDK/APP/services/sensors/lib.sense_rs/sense_rs_glowplug.c,cmall\core\lib.sense_rs\sense_rs_glowplug.c
/code/src/SDK/APP/services/sensors/lib.sense_rs/sense_rs_handbrake.c,cmall\core\lib.sense_rs\sense_rs_handbrake.c
/code/src/SDK/APP/services/sensors/lib.sense_rs/sense_rs_headlight_detect.c,cmall\core\lib.sense_rs\sense_rs_headlight_detect.c
/code/src/SDK/APP/services/sensors/lib.sense_rs/sense_rs_hood.c,cmall\core\lib.sense_rs\sense_rs_hood.c
/code/src/SDK/APP/services/sensors/lib.sense_rs/sense_rs_ign.c,cmall\core\lib.sense_rs\sense_rs_ign.c
/code/src/SDK/APP/services/sensors/lib.sense_rs/sense_rs_init.c,cmall\core\lib.sense_rs\sense_rs_init.c
/code/src/SDK/APP/services/sensors/lib.sense_rs/sense_rs_inst_trig.c,cmall\core\lib.sense_rs\sense_rs_inst_trig.c
/code/src/SDK/APP/services/sensors/lib.sense_rs/sense_rs_not_configured.c,cmall\core\lib.sense_rs\sense_rs_not_configured.c
/code/src/SDK/APP/services/sensors/lib.sense_rs/sense_rs_pi_cfg.c,cmall\core\lib.sense_rs\sense_rs_pi_cfg.c
/code/src/SDK/APP/services/sensors/lib.sense_rs/sense_rs_pi_executor.c,cmall\core\lib.sense_rs\sense_rs_pi_executor.c
/code/src/SDK/APP/services/sensors/lib.sense_rs/sense_rs_pi_init.c,cmall\core\lib.sense_rs\sense_rs_pi_init.c
/code/src/SDK/APP/services/sensors/lib.sense_rs/sense_rs_pi_loop.c,cmall\core\lib.sense_rs\sense_rs_pi_loop.c
/code/src/SDK/APP/services/sensors/lib.sense_rs/sense_rs_pi_status.c,cmall\core\lib.sense_rs\sense_rs_pi_status.c
/code/src/SDK/APP/services/sensors/lib.sense_rs/sense_rs_private.h,cmall\core\lib.sense_rs\sense_rs_private.h
/code/src/SDK/APP/services/sensors/lib.sense_rs/sense_rs_push_antenna.c,cmall\core\lib.sense_rs\sense_rs_push_antenna.c
/code/src/SDK/APP/services/sensors/lib.sense_rs/sense_rs_push_board.c,cmall\core\lib.sense_rs\sense_rs_push_board.c
/code/src/SDK/APP/services/sensors/lib.sense_rs/sense_rs_rpm.c,cmall\core\lib.sense_rs\sense_rs_rpm.c
/code/src/SDK/APP/services/sensors/lib.sense_rs/sense_rs_safety_sw.c,cmall\core\lib.sense_rs\sense_rs_safety_sw.c
/code/src/SDK/APP/services/sensors/lib.sense_rs/sense_rs_sensor.c,cmall\core\lib.sense_rs\sense_rs_sensor.c
/code/src/SDK/APP/services/sensors/lib.sense_rs/sense_rs_start_trigger.c,cmall\core\lib.sense_rs\sense_rs_start_trigger.c
/code/src/SDK/APP/services/sensors/lib.sense_rs/sense_rs_trunk.c,cmall\core\lib.sense_rs\sense_rs_trunk.c
/code/src/SDK/APP/services/sensors/lib.sense_rs/sense_rs_valet_switch.c,cmall\core\lib.sense_rs\sense_rs_valet_switch.c
/code/src/SDK/APP/services/sensors/lib.sense_rs/sense_rs_vars.c,cmall\core\lib.sense_rs\sense_rs_vars.c
/code/src/SDK/APP/services/sensors/lib.sensor/sensor.c,cmall\core\lib.sensor\sensor.c
/code/src/SDK/APP/services/sensors/lib.sensor/sensor.h,cmall\core\lib.sensor\sensor.h
/code/src/SDK/APP/services/sensors/lib.sensor/sensor_bypass.c,cmall\core\lib.sensor\sensor_bypass.c
/code/src/SDK/APP/services/sensors/lib.sensor/sensor_bypass_timeout.c,cmall\core\lib.sensor\sensor_bypass_timeout.c
/code/src/SDK/APP/services/sensors/lib.sensor/sensor_create.c,cmall\core\lib.sensor\sensor_create.c
/code/src/SDK/APP/services/sensors/lib.sensor/sensor_disable.c,cmall\core\lib.sensor\sensor_disable.c
/code/src/SDK/APP/services/sensors/lib.sensor/sensor_enable.c,cmall\core\lib.sensor\sensor_enable.c
/code/src/SDK/APP/services/sensors/lib.sensor/sensor_private.h,cmall\core\lib.sensor\sensor_private.h
/code/src/SDK/APP/services/sensors/lib.sensor/sensor_reset.c,cmall\core\lib.sensor\sensor_reset.c
/code/src/SDK/APP/services/sensors/lib.sensor/sensor_status.c,cmall\core\lib.sensor\sensor_status.c
/code/src/SDK/APP/services/sensors/lib.sensor/sensor_trigger.c,cmall\core\lib.sensor\sensor_trigger.c
/code/src/SDK/APP/services/sensors/lib.sensor/sensor_vars.c,cmall\core\lib.sensor\sensor_vars.c
/code/src/SDK/APP/services/sensors/lib.sensor/sensor_warning.c,cmall\core\lib.sensor\sensor_warning.c
/code/src/SDK/APP/services/sensors/lib.sensor_proto/sensor_proto.c,cmall\core\lib.sensor_proto\sensor_proto.c
/code/src/SDK/APP/services/sensors/lib.sensor_proto/sensor_proto.h,cmall\core\lib.sensor_proto\sensor_proto.h
/code/src/SDK/APP/services/sensors/lib.sensor_proto/sensor_proto_cmd.c,cmall\core\lib.sensor_proto\sensor_proto_cmd.c
/code/src/SDK/APP/services/sensors/lib.sensor_proto/sensor_proto_init.c,cmall\core\lib.sensor_proto\sensor_proto_init.c
/code/src/SDK/APP/services/sensors/lib.sensor_proto/sensor_proto_payload_build.c,cmall\core\lib.sensor_proto\sensor_proto_payload_build.c
/code/src/SDK/APP/services/sensors/lib.sensor_proto/sensor_proto_private.h,cmall\core\lib.sensor_proto\sensor_proto_private.h
/code/src/SDK/APP/services/sensors/lib.sensor_proto/sensor_proto_tx.c,cmall\core\lib.sensor_proto\sensor_proto_tx.c
/code/src/SDK/APP/services/sensors/lib.sensor_proto/sensor_proto_tx_tsk.c,cmall\core\lib.sensor_proto\sensor_proto_tx_tsk.c
/code/src/SDK/APP/services/sensors/lib.sensor_proto/sensor_proto_vars.c,cmall\core\lib.sensor_proto\sensor_proto_vars.c
/code/src/SDK/APP/services/sensors/lib.sensor_proto/sensor_shock_update.c,cmall\core\lib.sensor_proto\sensor_shock_update.c
/code/src/SDK/APP/services/sensors/lib.sensor_proto/sensor_temp_update.c,cmall\core\lib.sensor_proto\sensor_temp_update.c
/code/src/SDK/APP/services/sensors/lib.sensor_proto/sensor_tilt_update.c,cmall\core\lib.sensor_proto\sensor_tilt_update.c
/code/src/SDK/APP/services/sensors/lib.speed/speed.c,cmall\core\lib.speed\speed.c
/code/src/SDK/APP/services/sensors/lib.speed/speed.h,cmall\core\lib.speed\speed.h
/code/src/SDK/APP/services/sensors/lib.speed/speed_filter.c,cmall\core\lib.speed\speed_filter.c
/code/src/SDK/APP/services/sensors/lib.speed/speed_fiq_service.c,cmall\core\lib.speed\speed_fiq_service.c
/code/src/SDK/APP/services/sensors/lib.speed/speed_get.c,cmall\core\lib.speed\speed_get.c
/code/src/SDK/APP/services/sensors/lib.speed/speed_init.c,cmall\core\lib.speed\speed_init.c
/code/src/SDK/APP/services/sensors/lib.speed/speed_private.h,cmall\core\lib.speed\speed_private.h
/code/src/SDK/APP/services/sensors/lib.speed/speed_set_noise_limit.c,cmall\core\lib.speed\speed_set_noise_limit.c
/code/src/SDK/APP/services/sensors/lib.speed/speed_vars.c,cmall\core\lib.speed\speed_vars.c
/code/src/SDK/APP/services/sensors/lib.tach/tach.h,cmall\core\lib.tach\tach.h
/code/src/SDK/APP/services/sensors/lib.tach/tach_update.c,cmall\core\lib.tach\tach_update.c
/code/src/SDK/APP/services/sensors/lib.tacho/tacho.c,cmall\core\lib.tacho\tacho.c
/code/src/SDK/APP/services/sensors/lib.tacho/tacho.h,cmall\core\lib.tacho\tacho.h
/code/src/SDK/APP/services/sensors/lib.tacho/tacho_filter.c,cmall\core\lib.tacho\tacho_filter.c
/code/src/SDK/APP/services/sensors/lib.tacho/tacho_fiq_service.c,cmall\core\lib.tacho\tacho_fiq_service.c
/code/src/SDK/APP/services/sensors/lib.tacho/tacho_get.c,cmall\core\lib.tacho\tacho_get.c
/code/src/SDK/APP/services/sensors/lib.tacho/tacho_init.c,cmall\core\lib.tacho\tacho_init.c
/code/src/SDK/APP/services/sensors/lib.tacho/tacho_private.h,cmall\core\lib.tacho\tacho_private.h
/code/src/SDK/APP/services/sensors/lib.tacho/tacho_set_noise_limit.c,cmall\core\lib.tacho\tacho_set_noise_limit.c
/code/src/SDK/APP/services/sensors/lib.tacho/tacho_vars.c,cmall\core\lib.tacho\tacho_vars.c
/code/src/SDK/APP/services/sensors/lib.temperature/temperature.c,cmall\core\lib.temperature\temperature.c
/code/src/SDK/APP/services/sensors/lib.temperature/temperature.h,cmall\core\lib.temperature\temperature.h
/code/src/SDK/APP/services/sensors/lib.temperature/temperature_init.c,cmall\core\lib.temperature\temperature_init.c
/code/src/SDK/APP/services/sensors/lib.temperature/temperature_private.h,cmall\core\lib.temperature\temperature_private.h
/code/src/SDK/APP/services/sensors/lib.temperature/temperature_update.c,cmall\core\lib.temperature\temperature_update.c
/code/src/SDK/APP/services/sensors/lib.temperature/temperature_vars.c,cmall\core\lib.temperature\temperature_vars.c
/code/src/SDK/APP/services/sensors/lib.voltage/voltage.c,cmall\core\lib.voltage\voltage.c
/code/src/SDK/APP/services/sensors/lib.voltage/voltage.h,cmall\core\lib.voltage\voltage.h
/code/src/SDK/APP/services/sensors/lib.voltage/voltage_init.c,cmall\core\lib.voltage\voltage_init.c
/code/src/SDK/APP/services/sensors/lib.voltage/voltage_private.h,cmall\core\lib.voltage\voltage_private.h
/code/src/SDK/APP/services/sensors/lib.voltage/voltage_set_sampling.c,cmall\core\lib.voltage\voltage_set_sampling.c
/code/src/SDK/APP/services/sensors/lib.voltage/voltage_smooth.c,cmall\core\lib.voltage\voltage_smooth.c
/code/src/SDK/APP/services/sensors/lib.voltage/voltage_update.c,cmall\core\lib.voltage\voltage_update.c
/code/src/SDK/APP/services/sensors/lib.voltage/voltage_vars.c,cmall\core\lib.voltage\voltage_vars.c
/code/src/SDK/APP/services/status/lib.bus.status/bus_status.c,common\core\lib.bus.status\bus_status.c
/code/src/SDK/APP/services/status/lib.bus.status/bus_status.h,common\core\lib.bus.status\bus_status.h
/code/src/SDK/APP/services/status/lib.bus.status/bus_status_init.c,common\core\lib.bus.status\bus_status_init.c
/code/src/SDK/APP/services/status/lib.bus.status/bus_status_notify_brake_update.c,common\core\lib.bus.status\bus_status_notify_brake_update.c
/code/src/SDK/APP/services/status/lib.bus.status/bus_status_notify_driver_door_update.c,common\core\lib.bus.status\bus_status_notify_driver_door_update.c
/code/src/SDK/APP/services/status/lib.bus.status/bus_status_notify_eips.c,common\core\lib.bus.status\bus_status_notify_eips.c
/code/src/SDK/APP/services/status/lib.bus.status/bus_status_notify_glowplug_update.c,common\core\lib.bus.status\bus_status_notify_glowplug_update.c
/code/src/SDK/APP/services/status/lib.bus.status/bus_status_notify_handbrake_update.c,common\core\lib.bus.status\bus_status_notify_handbrake_update.c
/code/src/SDK/APP/services/status/lib.bus.status/bus_status_notify_headlight_update.c,common\core\lib.bus.status\bus_status_notify_headlight_update.c
/code/src/SDK/APP/services/status/lib.bus.status/bus_status_notify_hood_update.c,common\core\lib.bus.status\bus_status_notify_hood_update.c
/code/src/SDK/APP/services/status/lib.bus.status/bus_status_notify_input_gwr.c,common\core\lib.bus.status\bus_status_notify_input_gwr.c
/code/src/SDK/APP/services/status/lib.bus.status/bus_status_notify_input_ignition_update.c,common\core\lib.bus.status\bus_status_notify_input_ignition_update.c
/code/src/SDK/APP/services/status/lib.bus.status/bus_status_notify_input_keyless_arm_update.c,common\core\lib.bus.status\bus_status_notify_input_keyless_arm_update.c
/code/src/SDK/APP/services/status/lib.bus.status/bus_status_notify_input_keyless_aux_update.c,common\core\lib.bus.status\bus_status_notify_input_keyless_aux_update.c
/code/src/SDK/APP/services/status/lib.bus.status/bus_status_notify_input_keyless_lock_update.c,common\core\lib.bus.status\bus_status_notify_input_keyless_lock_update.c
/code/src/SDK/APP/services/status/lib.bus.status/bus_status_notify_input_keyless_panic.c,common\core\lib.bus.status\bus_status_notify_input_keyless_panic.c
/code/src/SDK/APP/services/status/lib.bus.status/bus_status_notify_input_keyless_rs_update.c,common\core\lib.bus.status\bus_status_notify_input_keyless_rs_update.c
/code/src/SDK/APP/services/status/lib.bus.status/bus_status_notify_input_keyless_trunk.c,common\core\lib.bus.status\bus_status_notify_input_keyless_trunk.c
/code/src/SDK/APP/services/status/lib.bus.status/bus_status_notify_input_lock.c,common\core\lib.bus.status\bus_status_notify_input_lock.c
/code/src/SDK/APP/services/status/lib.bus.status/bus_status_notify_key_in_update.c,common\core\lib.bus.status\bus_status_notify_key_in_update.c
/code/src/SDK/APP/services/status/lib.bus.status/bus_status_notify_other_door_update.c,common\core\lib.bus.status\bus_status_notify_other_door_update.c
/code/src/SDK/APP/services/status/lib.bus.status/bus_status_notify_prk_neutral_update.c,common\core\lib.bus.status\bus_status_notify_prk_neutral_update.c
/code/src/SDK/APP/services/status/lib.bus.status/bus_status_notify_trunk_update.c,common\core\lib.bus.status\bus_status_notify_trunk_update.c
/code/src/SDK/APP/services/status/lib.bus.status/bus_status_private.h,common\core\lib.bus.status\bus_status_private.h
/code/src/SDK/APP/services/status/lib.bus.status/bus_status_vars.c,common\core\lib.bus.status\bus_status_vars.c
/code/src/SDK/APP/services/status/lib.status/status.c,common\core\lib.status\status.c
/code/src/SDK/APP/services/status/lib.status/status.h,common\core\lib.status\status.h
/code/src/SDK/APP/services/status/lib.status/status_alarm.c,common\core\lib.status\status_alarm.c
/code/src/SDK/APP/services/status/lib.status/status_brake.c,common\core\lib.status\status_brake.c
/code/src/SDK/APP/services/status/lib.status/status_comfort.c,common\core\lib.status\status_comfort.c
/code/src/SDK/APP/services/status/lib.status/status_door.c,common\core\lib.status\status_door.c
/code/src/SDK/APP/services/status/lib.status/status_doorlock.c,common\core\lib.status\status_doorlock.c
/code/src/SDK/APP/services/status/lib.status/status_dtc.c,common\core\lib.status\status_dtc.c
/code/src/SDK/APP/services/status/lib.status/status_engine.c,common\core\lib.status\status_engine.c
/code/src/SDK/APP/services/status/lib.status/status_key.c,common\core\lib.status\status_key.c
/code/src/SDK/APP/services/status/lib.status/status_mileage.c,common\core\lib.status\status_mileage.c
/code/src/SDK/APP/services/status/lib.status/status_private.h,common\core\lib.status\status_private.h
/code/src/SDK/APP/services/status/lib.status/status_rke.c,common\core\lib.status\status_rke.c
/code/src/SDK/APP/services/status/lib.status/status_rpm.c,common\core\lib.status\status_rpm.c
/code/src/SDK/APP/services/status/lib.status/status_source.c,common\core\lib.status\status_source.c
/code/src/SDK/APP/services/status/lib.status/status_speed.c,common\core\lib.status\status_speed.c
/code/src/SDK/APP/services/status/lib.status/status_temp.c,common\core\lib.status\status_temp.c
/code/src/SDK/APP/services/status/lib.status/status_tpms.c,common\core\lib.status\status_tpms.c
/code/src/SDK/APP/services/status/lib.status/status_trans.c,common\core\lib.status\status_trans.c
/code/src/SDK/APP/services/status/lib.status/status_vars.c,common\core\lib.status\status_vars.c
/code/src/SDK/APP/services/status/lib.status.req/status_req.c,common\core\lib.status.req\status_req.c
/code/src/SDK/APP/services/status/lib.status.req/status_req.h,common\core\lib.status.req\status_req.h
/code/src/SDK/APP/services/status/lib.status.req/status_req_2way_status.c,common\core\lib.status.req\status_req_2way_status.c
/code/src/SDK/APP/services/status/lib.status.req/status_req_al_alert_clear.c,common\core\lib.status.req\status_req_al_alert_clear.c
/code/src/SDK/APP/services/status/lib.status.req/status_req_al_query.c,common\core\lib.status.req\status_req_al_query.c
/code/src/SDK/APP/services/status/lib.status.req/status_req_bat_volt.c,common\core\lib.status.req\status_req_bat_volt.c
/code/src/SDK/APP/services/status/lib.status.req/status_req_clr_dtc.c,common\core\lib.status.req\status_req_clr_dtc.c
/code/src/SDK/APP/services/status/lib.status.req/status_req_dtc.c,common\core\lib.status.req\status_req_dtc.c
/code/src/SDK/APP/services/status/lib.status.req/status_req_dtc_code.c,common\core\lib.status.req\status_req_dtc_code.c
/code/src/SDK/APP/services/status/lib.status.req/status_req_eng_temp.c,common\core\lib.status.req\status_req_eng_temp.c
/code/src/SDK/APP/services/status/lib.status.req/status_req_err_add.c,common\core\lib.status.req\status_req_err_add.c
/code/src/SDK/APP/services/status/lib.status.req/status_req_extended_status.c,common\core\lib.status.req\status_req_extended_status.c
/code/src/SDK/APP/services/status/lib.status.req/status_req_extended_status_support.c,common\core\lib.status.req\status_req_extended_status_support.c
/code/src/SDK/APP/services/status/lib.status.req/status_req_extended_status_support_sync.c,common\core\lib.status.req\status_req_extended_status_support_sync.c
/code/src/SDK/APP/services/status/lib.status.req/status_req_fuel_level.c,common\core\lib.status.req\status_req_fuel_level.c
/code/src/SDK/APP/services/status/lib.status.req/status_req_init.c,common\core\lib.status.req\status_req_init.c
/code/src/SDK/APP/services/status/lib.status.req/status_req_init_nvfs.c,common\core\lib.status.req\status_req_init_nvfs.c
/code/src/SDK/APP/services/status/lib.status.req/status_req_init_reset.c,common\core\lib.status.req\status_req_init_reset.c
/code/src/SDK/APP/services/status/lib.status.req/status_req_input_status.c,common\core\lib.status.req\status_req_input_status.c
/code/src/SDK/APP/services/status/lib.status.req/status_req_intake_temp.c,common\core\lib.status.req\status_req_intake_temp.c
/code/src/SDK/APP/services/status/lib.status.req/status_req_module_info.c,common\core\lib.status.req\status_req_module_info.c
/code/src/SDK/APP/services/status/lib.status.req/status_req_obdcan_check.c,common\core\lib.status.req\status_req_obdcan_check.c
/code/src/SDK/APP/services/status/lib.status.req/status_req_odo.c,common\core\lib.status.req\status_req_odo.c
/code/src/SDK/APP/services/status/lib.status.req/status_req_private.h,common\core\lib.status.req\status_req_private.h
/code/src/SDK/APP/services/status/lib.status.req/status_req_protocol_ver.c,common\core\lib.status.req\status_req_protocol_ver.c
/code/src/SDK/APP/services/status/lib.status.req/status_req_reset.c,common\core\lib.status.req\status_req_reset.c
/code/src/SDK/APP/services/status/lib.status.req/status_req_rpm.c,common\core\lib.status.req\status_req_rpm.c
/code/src/SDK/APP/services/status/lib.status.req/status_req_runtime.c,common\core\lib.status.req\status_req_runtime.c
/code/src/SDK/APP/services/status/lib.status.req/status_req_sens_temp.c,common\core\lib.status.req\status_req_sens_temp.c
/code/src/SDK/APP/services/status/lib.status.req/status_req_speed.c,common\core\lib.status.req\status_req_speed.c
/code/src/SDK/APP/services/status/lib.status.req/status_req_tpms.c,common\core\lib.status.req\status_req_tpms.c
/code/src/SDK/APP/services/status/lib.status.req/status_req_vars.c,common\core\lib.status.req\status_req_vars.c
/code/src/SDK/APP/services/status/lib.status.req/status_req_vin.c,common\core\lib.status.req\status_req_vin.c
/code/src/SDK/APP/services/timing/lib.sync_count/sync_count.c,cmall\core\lib.sync_count\sync_count.c
/code/src/SDK/APP/services/timing/lib.sync_count/sync_count.h,cmall\core\lib.sync_count\sync_count.h
/code/src/SDK/APP/services/timing/lib.sync_count/sync_count_check.c,cmall\core\lib.sync_count\sync_count_check.c
/code/src/SDK/APP/services/timing/lib.sync_count/sync_count_create.c,cmall\core\lib.sync_count\sync_count_create.c
/code/src/SDK/APP/services/timing/lib.sync_count/sync_count_private.h,cmall\core\lib.sync_count\sync_count_private.h
/code/src/SDK/APP/services/timing/lib.sync_count/sync_count_reset.c,cmall\core\lib.sync_count\sync_count_reset.c
/code/src/SDK/APP/services/timing/lib.sync_count/sync_count_update.c,cmall\core\lib.sync_count\sync_count_update.c
/code/src/SDK/APP/services/timing/lib.sync_count/sync_count_vars.c,cmall\core\lib.sync_count\sync_count_vars.c
/code/src/SDK/APP/services/timing/lib.timeout/timeout.c,common\core\lib.timeout\timeout.c
/code/src/SDK/APP/services/timing/lib.timeout/timeout.h,common\core\lib.timeout\timeout.h
/code/src/SDK/APP/services/timing/lib.timeout/timeout_build.c,common\core\lib.timeout\timeout_build.c
/code/src/SDK/APP/services/timing/lib.timeout/timeout_create.c,common\core\lib.timeout\timeout_create.c
/code/src/SDK/APP/services/timing/lib.timeout/timeout_private.h,common\core\lib.timeout\timeout_private.h
/code/src/SDK/APP/services/timing/lib.timeout/timeout_service.c,common\core\lib.timeout\timeout_service.c
/code/src/SDK/APP/services/timing/lib.timeout/timeout_start.c,common\core\lib.timeout\timeout_start.c
/code/src/SDK/APP/services/timing/lib.timeout/timeout_stop.c,common\core\lib.timeout\timeout_stop.c
/code/src/SDK/APP/services/timing/lib.timeout/timeout_test.c,common\core\lib.timeout\timeout_test.c
/code/src/SDK/APP/services/timing/lib.timeout/timeout_update.c,common\core\lib.timeout\timeout_update.c
/code/src/SDK/APP/services/timing/lib.timeout/timeout_vars.c,common\core\lib.timeout\timeout_vars.c
/code/src/SDK/APP/services/timing/lib.timeout.f/timeout_f.c,common\core\lib.timeout.f\timeout_f.c
/code/src/SDK/APP/services/timing/lib.timeout.f/timeout_f.h,common\core\lib.timeout.f\timeout_f.h
/code/src/SDK/APP/services/timing/lib.timeout.f/timeout_f_create.c,common\core\lib.timeout.f\timeout_f_create.c
/code/src/SDK/APP/services/timing/lib.timeout.f/timeout_f_private.h,common\core\lib.timeout.f\timeout_f_private.h
/code/src/SDK/APP/services/timing/lib.timeout.f/timeout_f_timeout_func.c,common\core\lib.timeout.f\timeout_f_timeout_func.c
/code/src/SDK/APP/services/timing/lib.timeout.f/timeout_f_update.c,common\core\lib.timeout.f\timeout_f_update.c
/code/src/SDK/APP/services/timing/lib.timeout.f/timeout_f_vars.c,common\core\lib.timeout.f\timeout_f_vars.c
/code/src/SDK/APP/services/trace/lib.dbgcli/dbg.h,common\core\lib.dbgcli\dbg.h
/code/src/SDK/APP/services/trace/lib.dbgcli/dbgcli.c,common\core\lib.dbgcli\dbgcli.c
/code/src/SDK/APP/services/trace/lib.dbgcli/dbgcli.h,common\core\lib.dbgcli\dbgcli.h
/code/src/SDK/APP/services/trace/lib.dbgcli/dbgcli_handler.c,common\core\lib.dbgcli\dbgcli_handler.c
/code/src/SDK/APP/services/trace/lib.dbgcli/dbgcli_init.c,common\core\lib.dbgcli\dbgcli_init.c
/code/src/SDK/APP/services/trace/lib.dbgcli/dbgcli_irq_service_vector.c,common\core\lib.dbgcli\dbgcli_irq_service_vector.c
/code/src/SDK/APP/services/trace/lib.dbgcli/dbgcli_print.c,common\core\lib.dbgcli\dbgcli_print.c
/code/src/SDK/APP/services/trace/lib.dbgcli/dbgcli_print_mem.c,common\core\lib.dbgcli\dbgcli_print_mem.c
/code/src/SDK/APP/services/trace/lib.dbgcli/dbgcli_print_status.c,common\core\lib.dbgcli\dbgcli_print_status.c
/code/src/SDK/APP/services/trace/lib.dbgcli/dbgcli_private.h,common\core\lib.dbgcli\dbgcli_private.h
/code/src/SDK/APP/services/trace/lib.dbgcli/dbgcli_rx.c,common\core\lib.dbgcli\dbgcli_rx.c
/code/src/SDK/APP/services/trace/lib.dbgcli/dbgcli_sys_exit.c,common\core\lib.dbgcli\dbgcli_sys_exit.c
/code/src/SDK/APP/services/trace/lib.dbgcli/dbgcli_tsk.c,common\core\lib.dbgcli\dbgcli_tsk.c
/code/src/SDK/APP/services/trace/lib.dbgcli/dbgcli_tx.c,common\core\lib.dbgcli\dbgcli_tx.c
/code/src/SDK/APP/services/trace/lib.dbgcli/dbgcli_vars.c,common\core\lib.dbgcli\dbgcli_vars.c
/code/src/SDK/APP/services/trace/lib.dbgcli/dbgtrace_print.c,common\core\lib.dbgcli\dbgtrace_print.c
/code/src/SDK/APP/services/trace/lib.dbgcli/trace.h,common\core\lib.dbgcli\trace.h
/code/src/SDK/APP/utilities/lib.bitfield/bitfield.c,common\core\lib.bitfield\bitfield.c
/code/src/SDK/APP/utilities/lib.bitfield/bitfield.h,common\core\lib.bitfield\bitfield.h
/code/src/SDK/APP/utilities/lib.crc/crc.c,common\core\lib.crc\crc.c
/code/src/SDK/APP/utilities/lib.crc/crc.h,common\core\lib.crc\crc.h
/code/src/SDK/APP/utilities/lib.crc/crc_calc_ccitt.c,common\core\lib.crc\crc_calc_ccitt.c
/code/src/SDK/APP/utilities/lib.crc/crc_calc_crc_16.c,common\core\lib.crc\crc_calc_crc_16.c
/code/src/SDK/APP/utilities/lib.crc/crc_calc_crc_32.c,common\core\lib.crc\crc_calc_crc_32.c
/code/src/SDK/APP/utilities/lib.crc/crc_calc_dow_8.c,common\core\lib.crc\crc_calc_dow_8.c
/code/src/SDK/APP/utilities/lib.crc/crc_calc_dow_8.table-generator.txt,common\core\lib.crc\crc_calc_dow_8.table-generator.txt
/code/src/SDK/APP/utilities/lib.eips/eips.c,common\core\lib.eips\eips.c
/code/src/SDK/APP/utilities/lib.eips/eips.h,common\core\lib.eips\eips.h
/code/src/SDK/APP/utilities/lib.eips/eips_alert_func.c,common\core\lib.eips\eips_alert_func.c
/code/src/SDK/APP/utilities/lib.eips/eips_alert_timeout_start.c,common\core\lib.eips\eips_alert_timeout_start.c
/code/src/SDK/APP/utilities/lib.eips/eips_alert_timeout_stop.c,common\core\lib.eips\eips_alert_timeout_stop.c
/code/src/SDK/APP/utilities/lib.eips/eips_door_clr.c,common\core\lib.eips\eips_door_clr.c
/code/src/SDK/APP/utilities/lib.eips/eips_door_set.c,common\core\lib.eips\eips_door_set.c
/code/src/SDK/APP/utilities/lib.eips/eips_gwr_off.c,common\core\lib.eips\eips_gwr_off.c
/code/src/SDK/APP/utilities/lib.eips/eips_gwr_on.c,common\core\lib.eips\eips_gwr_on.c
/code/src/SDK/APP/utilities/lib.eips/eips_init.c,common\core\lib.eips\eips_init.c
/code/src/SDK/APP/utilities/lib.eips/eips_init_nvfs.c,common\core\lib.eips\eips_init_nvfs.c
/code/src/SDK/APP/utilities/lib.eips/eips_is_enable.c,common\core\lib.eips\eips_is_enable.c
/code/src/SDK/APP/utilities/lib.eips/eips_private.h,common\core\lib.eips\eips_private.h
/code/src/SDK/APP/utilities/lib.eips/eips_rpm_clr.c,common\core\lib.eips\eips_rpm_clr.c
/code/src/SDK/APP/utilities/lib.eips/eips_rpm_set.c,common\core\lib.eips\eips_rpm_set.c
/code/src/SDK/APP/utilities/lib.eips/eips_shutdown_check_func.c,common\core\lib.eips\eips_shutdown_check_func.c
/code/src/SDK/APP/utilities/lib.eips/eips_shutdown_check_timeout_start.c,common\core\lib.eips\eips_shutdown_check_timeout_start.c
/code/src/SDK/APP/utilities/lib.eips/eips_shutdown_check_timeout_stop.c,common\core\lib.eips\eips_shutdown_check_timeout_stop.c
/code/src/SDK/APP/utilities/lib.eips/eips_shutdown_func.c,common\core\lib.eips\eips_shutdown_func.c
/code/src/SDK/APP/utilities/lib.eips/eips_shutdown_timeout_start.c,common\core\lib.eips\eips_shutdown_timeout_start.c
/code/src/SDK/APP/utilities/lib.eips/eips_shutdown_timeout_stop.c,common\core\lib.eips\eips_shutdown_timeout_stop.c
/code/src/SDK/APP/utilities/lib.eips/eips_skd_clr.c,common\core\lib.eips\eips_skd_clr.c
/code/src/SDK/APP/utilities/lib.eips/eips_skd_set.c,common\core\lib.eips\eips_skd_set.c
/code/src/SDK/APP/utilities/lib.eips/eips_speed_clr.c,common\core\lib.eips\eips_speed_clr.c
/code/src/SDK/APP/utilities/lib.eips/eips_speed_set.c,common\core\lib.eips\eips_speed_set.c
/code/src/SDK/APP/utilities/lib.eips/eips_vars.c,common\core\lib.eips\eips_vars.c
/code/src/SDK/APP/utilities/lib.npc/npc.c,cmall\core\lib.npc\npc.c
/code/src/SDK/APP/utilities/lib.npc/npc.h,cmall\core\lib.npc\npc.h
/code/src/SDK/APP/utilities/lib.npc/npc_create.c,cmall\core\lib.npc\npc_create.c
/code/src/SDK/APP/utilities/lib.npc/npc_hit.c,cmall\core\lib.npc\npc_hit.c
/code/src/SDK/APP/utilities/lib.npc/npc_private.h,cmall\core\lib.npc\npc_private.h
/code/src/SDK/APP/utilities/lib.npc/npc_reset.c,cmall\core\lib.npc\npc_reset.c
/code/src/SDK/APP/utilities/lib.npc/npc_start.c,cmall\core\lib.npc\npc_start.c
/code/src/SDK/APP/utilities/lib.npc/npc_status.c,cmall\core\lib.npc\npc_status.c
/code/src/SDK/APP/utilities/lib.npc/npc_stop.c,cmall\core\lib.npc\npc_stop.c
/code/src/SDK/APP/utilities/lib.npc/npc_timeout.c,cmall\core\lib.npc\npc_timeout.c
/code/src/SDK/APP/utilities/lib.npc/npc_vars.c,cmall\core\lib.npc\npc_vars.c
/code/src/SDK/APP/utilities/lib.prk/dei_prk.h,cmall\core\lib.prk\dei_prk.h
/code/src/SDK/APP/utilities/lib.prk/dei_prk_flash.c,cmall\core\lib.prk\dei_prk_flash.c
/code/src/SDK/APP/utilities/lib.prk/dei_prk_init.c,cmall\core\lib.prk\dei_prk_init.c
/code/src/SDK/APP/utilities/lib.prk/dei_prk_offset.c,cmall\core\lib.prk\dei_prk_offset.c
/code/src/SDK/APP/utilities/lib.prk/dei_prk_output.c,cmall\core\lib.prk\dei_prk_output.c
/code/src/SDK/APP/utilities/lib.prk/dei_prk_private.h,cmall\core\lib.prk\dei_prk_private.h
/code/src/SDK/APP/utilities/lib.prk/dei_prk_tmr.c,cmall\core\lib.prk\dei_prk_tmr.c
/code/src/SDK/APP/utilities/lib.prk/dei_prk_tsk.c,cmall\core\lib.prk\dei_prk_tsk.c
/code/src/SDK/APP/utilities/lib.prk/dei_prk_vars.c,cmall\core\lib.prk\dei_prk_vars.c
/code/src/SDK/APP/utilities/lib.prk/prk.c,cmall\core\lib.prk\prk.c
/code/src/SDK/APP/utilities/lib.reg/reg.c,common\core\lib.reg\reg.c
/code/src/SDK/APP/utilities/lib.reg/reg.h,common\core\lib.reg\reg.h
/code/src/SDK/APP/utilities/lib.reg/reg_atomic_init.c,common\core\lib.reg\reg_atomic_init.c
/code/src/SDK/APP/utilities/lib.reg/reg_atomic_release.c,common\core\lib.reg\reg_atomic_release.c
/code/src/SDK/APP/utilities/lib.reg/reg_atomic_request.c,common\core\lib.reg\reg_atomic_request.c
/code/src/SDK/APP/utilities/lib.reg/reg_check_id.c,common\core\lib.reg\reg_check_id.c
/code/src/SDK/APP/utilities/lib.reg/reg_create_id.c,common\core\lib.reg\reg_create_id.c
/code/src/SDK/APP/utilities/lib.reg/reg_func.c,common\core\lib.reg\reg_func.c
/code/src/SDK/APP/utilities/lib.reg/reg_func_arg.c,common\core\lib.reg\reg_func_arg.c
/code/src/SDK/APP/utilities/lib.reg/reg_private.h,common\core\lib.reg\reg_private.h
/code/src/SDK/APP/utilities/lib.reg/reg_rem_func.c,common\core\lib.reg\reg_rem_func.c
/code/src/SDK/APP/utilities/lib.reg/reg_table_build.c,common\core\lib.reg\reg_table_build.c
/code/src/SDK/APP/utilities/lib.reg/reg_table_create.c,common\core\lib.reg\reg_table_create.c
/code/src/SDK/APP/utilities/lib.reg/reg_vars.c,common\core\lib.reg\reg_vars.c
/code/src/SDK/APP/utilities/lib.reg/req_execute.c,common\core\lib.reg\req_execute.c
/code/src/SDK/APP/utilities/lib.reg/req_execute_quick.c,common\core\lib.reg\req_execute_quick.c
/code/src/SDK/APP/vehicle/diagnostics/com.ext.lib.obd_can/obd_can.c,common\com.ext.lib.obd_can\obd_can.c
/code/src/SDK/APP/vehicle/diagnostics/com.ext.lib.obd_can/obd_can.h,common\com.ext.lib.obd_can\obd_can.h
/code/src/SDK/APP/vehicle/diagnostics/com.ext.lib.obd_can/obd_can_activate.c,common\com.ext.lib.obd_can\obd_can_activate.c
/code/src/SDK/APP/vehicle/diagnostics/com.ext.lib.obd_can/obd_can_clr_dtc.c,common\com.ext.lib.obd_can\obd_can_clr_dtc.c
/code/src/SDK/APP/vehicle/diagnostics/com.ext.lib.obd_can/obd_can_cmd.c,common\com.ext.lib.obd_can\obd_can_cmd.c
/code/src/SDK/APP/vehicle/diagnostics/com.ext.lib.obd_can/obd_can_config.c,common\com.ext.lib.obd_can\obd_can_config.c
/code/src/SDK/APP/vehicle/diagnostics/com.ext.lib.obd_can/obd_can_ctrl_request.c,common\com.ext.lib.obd_can\obd_can_ctrl_request.c
/code/src/SDK/APP/vehicle/diagnostics/com.ext.lib.obd_can/obd_can_ctrl_task.c,common\com.ext.lib.obd_can\obd_can_ctrl_task.c
/code/src/SDK/APP/vehicle/diagnostics/com.ext.lib.obd_can/obd_can_deactivate.c,common\com.ext.lib.obd_can\obd_can_deactivate.c
/code/src/SDK/APP/vehicle/diagnostics/com.ext.lib.obd_can/obd_can_display_status.c,common\com.ext.lib.obd_can\obd_can_display_status.c
/code/src/SDK/APP/vehicle/diagnostics/com.ext.lib.obd_can/obd_can_display_support.c,common\com.ext.lib.obd_can\obd_can_display_support.c
/code/src/SDK/APP/vehicle/diagnostics/com.ext.lib.obd_can/obd_can_err_add.c,common\com.ext.lib.obd_can\obd_can_err_add.c
/code/src/SDK/APP/vehicle/diagnostics/com.ext.lib.obd_can/obd_can_ign.c,common\com.ext.lib.obd_can\obd_can_ign.c
/code/src/SDK/APP/vehicle/diagnostics/com.ext.lib.obd_can/obd_can_init.c,common\com.ext.lib.obd_can\obd_can_init.c
/code/src/SDK/APP/vehicle/diagnostics/com.ext.lib.obd_can/obd_can_init_can.c,common\com.ext.lib.obd_can\obd_can_init_can.c
/code/src/SDK/APP/vehicle/diagnostics/com.ext.lib.obd_can/obd_can_init_nvfs.c,common\com.ext.lib.obd_can\obd_can_init_nvfs.c
/code/src/SDK/APP/vehicle/diagnostics/com.ext.lib.obd_can/obd_can_init_reset.c,common\com.ext.lib.obd_can\obd_can_init_reset.c
/code/src/SDK/APP/vehicle/diagnostics/com.ext.lib.obd_can/obd_can_is_active.c,common\com.ext.lib.obd_can\obd_can_is_active.c
/code/src/SDK/APP/vehicle/diagnostics/com.ext.lib.obd_can/obd_can_is_connected.c,common\com.ext.lib.obd_can\obd_can_is_connected.c
/code/src/SDK/APP/vehicle/diagnostics/com.ext.lib.obd_can/obd_can_is_req_supported.c,common\com.ext.lib.obd_can\obd_can_is_req_supported.c
/code/src/SDK/APP/vehicle/diagnostics/com.ext.lib.obd_can/obd_can_private.h,common\com.ext.lib.obd_can\obd_can_private.h
/code/src/SDK/APP/vehicle/diagnostics/com.ext.lib.obd_can/obd_can_reset.c,common\com.ext.lib.obd_can\obd_can_reset.c
/code/src/SDK/APP/vehicle/diagnostics/com.ext.lib.obd_can/obd_can_rx.c,common\com.ext.lib.obd_can\obd_can_rx.c
/code/src/SDK/APP/vehicle/diagnostics/com.ext.lib.obd_can/obd_can_rx_air_ambiant.c,common\com.ext.lib.obd_can\obd_can_rx_air_ambiant.c
/code/src/SDK/APP/vehicle/diagnostics/com.ext.lib.obd_can/obd_can_rx_bat_volt.c,common\com.ext.lib.obd_can\obd_can_rx_bat_volt.c
/code/src/SDK/APP/vehicle/diagnostics/com.ext.lib.obd_can/obd_can_rx_dtc.c,common\com.ext.lib.obd_can\obd_can_rx_dtc.c
/code/src/SDK/APP/vehicle/diagnostics/com.ext.lib.obd_can/obd_can_rx_eng_coolant.c,common\com.ext.lib.obd_can\obd_can_rx_eng_coolant.c
/code/src/SDK/APP/vehicle/diagnostics/com.ext.lib.obd_can/obd_can_rx_eng_run.c,common\com.ext.lib.obd_can\obd_can_rx_eng_run.c
/code/src/SDK/APP/vehicle/diagnostics/com.ext.lib.obd_can/obd_can_rx_fuel_level.c,common\com.ext.lib.obd_can\obd_can_rx_fuel_level.c
/code/src/SDK/APP/vehicle/diagnostics/com.ext.lib.obd_can/obd_can_rx_intake_temp.c,common\com.ext.lib.obd_can\obd_can_rx_intake_temp.c
/code/src/SDK/APP/vehicle/diagnostics/com.ext.lib.obd_can/obd_can_rx_rpm.c,common\com.ext.lib.obd_can\obd_can_rx_rpm.c
/code/src/SDK/APP/vehicle/diagnostics/com.ext.lib.obd_can/obd_can_rx_speed.c,common\com.ext.lib.obd_can\obd_can_rx_speed.c
/code/src/SDK/APP/vehicle/diagnostics/com.ext.lib.obd_can/obd_can_rx_vin.c,common\com.ext.lib.obd_can\obd_can_rx_vin.c
/code/src/SDK/APP/vehicle/diagnostics/com.ext.lib.obd_can/obd_can_scan_tool_detected.c,common\com.ext.lib.obd_can\obd_can_scan_tool_detected.c
/code/src/SDK/APP/vehicle/diagnostics/com.ext.lib.obd_can/obd_can_timeout.c,common\com.ext.lib.obd_can\obd_can_timeout.c
/code/src/SDK/APP/vehicle/diagnostics/com.ext.lib.obd_can/obd_can_tx.c,common\com.ext.lib.obd_can\obd_can_tx.c
/code/src/SDK/APP/vehicle/diagnostics/com.ext.lib.obd_can/obd_can_vars.c,common\com.ext.lib.obd_can\obd_can_vars.c
/code/src/SDK/APP/vehicle/diagnostics/lib.vin/vin.c,common\core\lib.vin\vin.c
/code/src/SDK/APP/vehicle/diagnostics/lib.vin/vin.h,common\core\lib.vin\vin.h
/code/src/SDK/APP/vehicle/diagnostics/lib.vin/vin_check_digit.c,common\core\lib.vin\vin_check_digit.c
/code/src/SDK/APP/vehicle/diagnostics/lib.vin/vin_err_add.c,common\core\lib.vin\vin_err_add.c
/code/src/SDK/APP/vehicle/diagnostics/lib.vin/vin_err_save.c,common\core\lib.vin\vin_err_save.c
/code/src/SDK/APP/vehicle/diagnostics/lib.vin/vin_get.c,common\core\lib.vin\vin_get.c
/code/src/SDK/APP/vehicle/diagnostics/lib.vin/vin_init.c,common\core\lib.vin\vin_init.c
/code/src/SDK/APP/vehicle/diagnostics/lib.vin/vin_init_nvfs.c,common\core\lib.vin\vin_init_nvfs.c
/code/src/SDK/APP/vehicle/diagnostics/lib.vin/vin_init_reset.c,common\core\lib.vin\vin_init_reset.c
/code/src/SDK/APP/vehicle/diagnostics/lib.vin/vin_is_done.c,common\core\lib.vin\vin_is_done.c
/code/src/SDK/APP/vehicle/diagnostics/lib.vin/vin_lookup.c,common\core\lib.vin\vin_lookup.c
/code/src/SDK/APP/vehicle/diagnostics/lib.vin/vin_match.c,common\core\lib.vin\vin_match.c
/code/src/SDK/APP/vehicle/diagnostics/lib.vin/vin_match.c_parse_token.c,common\core\lib.vin\vin_match.c_parse_token.c
/code/src/SDK/APP/vehicle/diagnostics/lib.vin/vin_match.c_parse_vin_sym.c,common\core\lib.vin\vin_match.c_parse_vin_sym.c
/code/src/SDK/APP/vehicle/diagnostics/lib.vin/vin_match.c_parse_vin_sym_range.c,common\core\lib.vin\vin_match.c_parse_vin_sym_range.c
/code/src/SDK/APP/vehicle/diagnostics/lib.vin/vin_match.c_parse_ws.c,common\core\lib.vin\vin_match.c_parse_ws.c
/code/src/SDK/APP/vehicle/diagnostics/lib.vin/vin_match.range_search.c,common\core\lib.vin\vin_match.range_search.c
/code/src/SDK/APP/vehicle/diagnostics/lib.vin/vin_match.range_validate.c,common\core\lib.vin\vin_match.range_validate.c
/code/src/SDK/APP/vehicle/diagnostics/lib.vin/vin_match.sym_is_digit.c,common\core\lib.vin\vin_match.sym_is_digit.c
/code/src/SDK/APP/vehicle/diagnostics/lib.vin/vin_match.sym_is_letter.c,common\core\lib.vin\vin_match.sym_is_letter.c
/code/src/SDK/APP/vehicle/diagnostics/lib.vin/vin_match.throw_exception.c,common\core\lib.vin\vin_match.throw_exception.c
/code/src/SDK/APP/vehicle/diagnostics/lib.vin/vin_match.token_position_get.c,common\core\lib.vin\vin_match.token_position_get.c
/code/src/SDK/APP/vehicle/diagnostics/lib.vin/vin_match.token_position_set.c,common\core\lib.vin\vin_match.token_position_set.c
/code/src/SDK/APP/vehicle/diagnostics/lib.vin/vin_match.u_parse_eol.c,common\core\lib.vin\vin_match.u_parse_eol.c
/code/src/SDK/APP/vehicle/diagnostics/lib.vin/vin_match.u_parse_token.c,common\core\lib.vin\vin_match.u_parse_token.c
/code/src/SDK/APP/vehicle/diagnostics/lib.vin/vin_match.u_parse_vin_def.c,common\core\lib.vin\vin_match.u_parse_vin_def.c
/code/src/SDK/APP/vehicle/diagnostics/lib.vin/vin_match.u_parse_vin_def_list.c,common\core\lib.vin\vin_match.u_parse_vin_def_list.c
/code/src/SDK/APP/vehicle/diagnostics/lib.vin/vin_match.u_parse_vin_index.c,common\core\lib.vin\vin_match.u_parse_vin_index.c
/code/src/SDK/APP/vehicle/diagnostics/lib.vin/vin_match.u_parse_vin_part.c,common\core\lib.vin\vin_match.u_parse_vin_part.c
/code/src/SDK/APP/vehicle/diagnostics/lib.vin/vin_match.u_parse_vin_sym.c,common\core\lib.vin\vin_match.u_parse_vin_sym.c
/code/src/SDK/APP/vehicle/diagnostics/lib.vin/vin_match.u_parse_vin_sym_list.c,common\core\lib.vin\vin_match.u_parse_vin_sym_list.c
/code/src/SDK/APP/vehicle/diagnostics/lib.vin/vin_private.h,common\core\lib.vin\vin_private.h
/code/src/SDK/APP/vehicle/diagnostics/lib.vin/vin_reset.c,common\core\lib.vin\vin_reset.c
/code/src/SDK/APP/vehicle/diagnostics/lib.vin/vin_save.c,common\core\lib.vin\vin_save.c
/code/src/SDK/APP/vehicle/diagnostics/lib.vin/vin_validate.c,common\core\lib.vin\vin_validate.c
/code/src/SDK/APP/vehicle/diagnostics/lib.vin/vin_vars.c,common\core\lib.vin\vin_vars.c
/code/src/SDK/APP/vehicle/programming/lib.prg/prg.c,cmall\core\lib.prg\prg.c
/code/src/SDK/APP/vehicle/programming/lib.prg/prg.h,cmall\core\lib.prg\prg.h
/code/src/SDK/APP/vehicle/programming/lib.prg/prg_evt_door.c,cmall\core\lib.prg\prg_evt_door.c
/code/src/SDK/APP/vehicle/programming/lib.prg/prg_evt_ign.c,cmall\core\lib.prg\prg_evt_ign.c
/code/src/SDK/APP/vehicle/programming/lib.prg/prg_evt_lock.c,cmall\core\lib.prg\prg_evt_lock.c
/code/src/SDK/APP/vehicle/programming/lib.prg/prg_evt_push.c,cmall\core\lib.prg\prg_evt_push.c
/code/src/SDK/APP/vehicle/programming/lib.prg/prg_evt_remote_programmed.c,cmall\core\lib.prg\prg_evt_remote_programmed.c
/code/src/SDK/APP/vehicle/programming/lib.prg/prg_func_register.c,cmall\core\lib.prg\prg_func_register.c
/code/src/SDK/APP/vehicle/programming/lib.prg/prg_init.c,cmall\core\lib.prg\prg_init.c
/code/src/SDK/APP/vehicle/programming/lib.prg/prg_menu_execute.c,cmall\core\lib.prg\prg_menu_execute.c
/code/src/SDK/APP/vehicle/programming/lib.prg/prg_menu_remote_delete.c,cmall\core\lib.prg\prg_menu_remote_delete.c
/code/src/SDK/APP/vehicle/programming/lib.prg/prg_menu_remote_programming.c,cmall\core\lib.prg\prg_menu_remote_programming.c
/code/src/SDK/APP/vehicle/programming/lib.prg/prg_menu_tacho_delete.c,cmall\core\lib.prg\prg_menu_tacho_delete.c
/code/src/SDK/APP/vehicle/programming/lib.prg/prg_menu_zap.c,cmall\core\lib.prg\prg_menu_zap.c
/code/src/SDK/APP/vehicle/programming/lib.prg/prg_private.h,cmall\core\lib.prg\prg_private.h
/code/src/SDK/APP/vehicle/programming/lib.prg/prg_vars.c,cmall\core\lib.prg\prg_vars.c
/code/src/SDK/APP/vehicle/programming/lib.prg_out/prg_out.c,cmall\core\lib.prg_out\prg_out.c
/code/src/SDK/APP/vehicle/programming/lib.prg_out/prg_out.h,cmall\core\lib.prg_out\prg_out.h
/code/src/SDK/APP/vehicle/programming/lib.prg_out/prg_out_acc.c,cmall\core\lib.prg_out\prg_out_acc.c
/code/src/SDK/APP/vehicle/programming/lib.prg_out/prg_out_anti_grind.c,cmall\core\lib.prg_out\prg_out_anti_grind.c
/code/src/SDK/APP/vehicle/programming/lib.prg_out/prg_out_aux1.c,cmall\core\lib.prg_out\prg_out_aux1.c
/code/src/SDK/APP/vehicle/programming/lib.prg_out/prg_out_aux2.c,cmall\core\lib.prg_out\prg_out_aux2.c
/code/src/SDK/APP/vehicle/programming/lib.prg_out/prg_out_aux3.c,cmall\core\lib.prg_out\prg_out_aux3.c
/code/src/SDK/APP/vehicle/programming/lib.prg_out/prg_out_aux4.c,cmall\core\lib.prg_out\prg_out_aux4.c
/code/src/SDK/APP/vehicle/programming/lib.prg_out/prg_out_comfort_closure.c,cmall\core\lib.prg_out\prg_out_comfort_closure.c
/code/src/SDK/APP/vehicle/programming/lib.prg_out/prg_out_defroster_latch.c,cmall\core\lib.prg_out\prg_out_defroster_latch.c
/code/src/SDK/APP/vehicle/programming/lib.prg_out/prg_out_defroster_pulse.c,cmall\core\lib.prg_out\prg_out_defroster_pulse.c
/code/src/SDK/APP/vehicle/programming/lib.prg_out/prg_out_domelight.c,cmall\core\lib.prg_out\prg_out_domelight.c
/code/src/SDK/APP/vehicle/programming/lib.prg_out/prg_out_factory_alarm_arm.c,cmall\core\lib.prg_out\prg_out_factory_alarm_arm.c
/code/src/SDK/APP/vehicle/programming/lib.prg_out/prg_out_factory_alarm_disarm.c,cmall\core\lib.prg_out\prg_out_factory_alarm_disarm.c
/code/src/SDK/APP/vehicle/programming/lib.prg_out/prg_out_ground_when_arm.c,cmall\core\lib.prg_out\prg_out_ground_when_arm.c
/code/src/SDK/APP/vehicle/programming/lib.prg_out/prg_out_ground_when_locked.c,cmall\core\lib.prg_out\prg_out_ground_when_locked.c
/code/src/SDK/APP/vehicle/programming/lib.prg_out/prg_out_ground_when_ready.c,cmall\core\lib.prg_out\prg_out_ground_when_ready.c
/code/src/SDK/APP/vehicle/programming/lib.prg_out/prg_out_ground_when_running_5sec.c,cmall\core\lib.prg_out\prg_out_ground_when_running_5sec.c
/code/src/SDK/APP/vehicle/programming/lib.prg_out/prg_out_ground_when_running_status.c,cmall\core\lib.prg_out\prg_out_ground_when_running_status.c
/code/src/SDK/APP/vehicle/programming/lib.prg_out/prg_out_ground_when_triggered.c,cmall\core\lib.prg_out\prg_out_ground_when_triggered.c
/code/src/SDK/APP/vehicle/programming/lib.prg_out/prg_out_horn.c,cmall\core\lib.prg_out\prg_out_horn.c
/code/src/SDK/APP/vehicle/programming/lib.prg_out/prg_out_hw_ctrl.c,cmall\core\lib.prg_out\prg_out_hw_ctrl.c
/code/src/SDK/APP/vehicle/programming/lib.prg_out/prg_out_hw_init.c,cmall\core\lib.prg_out\prg_out_hw_init.c
/code/src/SDK/APP/vehicle/programming/lib.prg_out/prg_out_ign.c,cmall\core\lib.prg_out\prg_out_ign.c
/code/src/SDK/APP/vehicle/programming/lib.prg_out/prg_out_init.c,cmall\core\lib.prg_out\prg_out_init.c
/code/src/SDK/APP/vehicle/programming/lib.prg_out/prg_out_led_flash.c,cmall\core\lib.prg_out\prg_out_led_flash.c
/code/src/SDK/APP/vehicle/programming/lib.prg_out/prg_out_lock.c,cmall\core\lib.prg_out\prg_out_lock.c
/code/src/SDK/APP/vehicle/programming/lib.prg_out/prg_out_parking_light.c,cmall\core\lib.prg_out\prg_out_parking_light.c
/code/src/SDK/APP/vehicle/programming/lib.prg_out/prg_out_private.h,cmall\core\lib.prg_out\prg_out_private.h
/code/src/SDK/APP/vehicle/programming/lib.prg_out/prg_out_pulse_after_ign_off.c,cmall\core\lib.prg_out\prg_out_pulse_after_ign_off.c
/code/src/SDK/APP/vehicle/programming/lib.prg_out/prg_out_pulse_after_start.c,cmall\core\lib.prg_out\prg_out_pulse_after_start.c
/code/src/SDK/APP/vehicle/programming/lib.prg_out/prg_out_pulse_before_start.c,cmall\core\lib.prg_out\prg_out_pulse_before_start.c
/code/src/SDK/APP/vehicle/programming/lib.prg_out/prg_out_rear_defogger.c,cmall\core\lib.prg_out\prg_out_rear_defogger.c
/code/src/SDK/APP/vehicle/programming/lib.prg_out/prg_out_second_unlock.c,cmall\core\lib.prg_out\prg_out_second_unlock.c
/code/src/SDK/APP/vehicle/programming/lib.prg_out/prg_out_smartkey_control.c,cmall\core\lib.prg_out\prg_out_smartkey_control.c
/code/src/SDK/APP/vehicle/programming/lib.prg_out/prg_out_start.c,cmall\core\lib.prg_out\prg_out_start.c
/code/src/SDK/APP/vehicle/programming/lib.prg_out/prg_out_status.c,cmall\core\lib.prg_out\prg_out_status.c
/code/src/SDK/APP/vehicle/programming/lib.prg_out/prg_out_trunk_release.c,cmall\core\lib.prg_out\prg_out_trunk_release.c
/code/src/SDK/APP/vehicle/programming/lib.prg_out/prg_out_unlock.c,cmall\core\lib.prg_out\prg_out_unlock.c
/code/src/SDK/APP/vehicle/programming/lib.prg_out/prg_out_unlock_user2.c,cmall\core\lib.prg_out\prg_out_unlock_user2.c
/code/src/SDK/APP/vehicle/programming/lib.prg_out/prg_out_vars.c,cmall\core\lib.prg_out\prg_out_vars.c
/code/src/SDK/APP/vehicle/security/com.lib.dst/dst.h,common\car\com.lib.dst\dst.h
/code/src/SDK/APP/vehicle/security/com.lib.dst/dst_bcc.c,common\car\com.lib.dst\dst_bcc.c
/code/src/SDK/APP/vehicle/security/com.lib.dst/dst_cmd.c,common\car\com.lib.dst\dst_cmd.c
/code/src/SDK/APP/vehicle/security/com.lib.dst/dst_cmd_lock.c,common\car\com.lib.dst\dst_cmd_lock.c
/code/src/SDK/APP/vehicle/security/com.lib.dst/dst_cmd_read.c,common\car\com.lib.dst\dst_cmd_read.c
/code/src/SDK/APP/vehicle/security/com.lib.dst/dst_cmd_write.c,common\car\com.lib.dst\dst_cmd_write.c
/code/src/SDK/APP/vehicle/security/com.lib.dst/dst_dbg_print.c,common\car\com.lib.dst\dst_dbg_print.c
/code/src/SDK/APP/vehicle/security/com.lib.dst/dst_dbg_print_log.c,common\car\com.lib.dst\dst_dbg_print_log.c
/code/src/SDK/APP/vehicle/security/com.lib.dst/dst_err_add.c,common\car\com.lib.dst\dst_err_add.c
/code/src/SDK/APP/vehicle/security/com.lib.dst/dst_err_save.c,common\car\com.lib.dst\dst_err_save.c
/code/src/SDK/APP/vehicle/security/com.lib.dst/dst_get_lock_status.c,common\car\com.lib.dst\dst_get_lock_status.c
/code/src/SDK/APP/vehicle/security/com.lib.dst/dst_init.c,common\car\com.lib.dst\dst_init.c
/code/src/SDK/APP/vehicle/security/com.lib.dst/dst_isk_search.c,common\car\com.lib.dst\dst_isk_search.c
/code/src/SDK/APP/vehicle/security/com.lib.dst/dst_isk_search_v2.c,common\car\com.lib.dst\dst_isk_search_v2.c
/code/src/SDK/APP/vehicle/security/com.lib.dst/dst_log_delete.c,common\car\com.lib.dst\dst_log_delete.c
/code/src/SDK/APP/vehicle/security/com.lib.dst/dst_log_get_count.c,common\car\com.lib.dst\dst_log_get_count.c
/code/src/SDK/APP/vehicle/security/com.lib.dst/dst_log_init.c,common\car\com.lib.dst\dst_log_init.c
/code/src/SDK/APP/vehicle/security/com.lib.dst/dst_log_is_done.c,common\car\com.lib.dst\dst_log_is_done.c
/code/src/SDK/APP/vehicle/security/com.lib.dst/dst_log_read.c,common\car\com.lib.dst\dst_log_read.c
/code/src/SDK/APP/vehicle/security/com.lib.dst/dst_log_update.c,common\car\com.lib.dst\dst_log_update.c
/code/src/SDK/APP/vehicle/security/com.lib.dst/dst_private.h,common\car\com.lib.dst\dst_private.h
/code/src/SDK/APP/vehicle/security/com.lib.dst/dst_sel_addr_is_valid.c,common\car\com.lib.dst\dst_sel_addr_is_valid.c
/code/src/SDK/APP/vehicle/security/com.lib.dst/dst_set_lock.c,common\car\com.lib.dst\dst_set_lock.c
/code/src/SDK/APP/vehicle/security/com.lib.dst/dst_trans.c,common\car\com.lib.dst\dst_trans.c
/code/src/SDK/APP/vehicle/security/com.lib.dst/dst_vars.c,common\car\com.lib.dst\dst_vars.c
/code/src/SDK/APP/vehicle/security/com.lib.dstcrypt/dstcrypt.c,common\car\com.lib.dstcrypt\dstcrypt.c
/code/src/SDK/APP/vehicle/security/com.lib.dstcrypt/dstcrypt.h,common\car\com.lib.dstcrypt\dstcrypt.h
/code/src/SDK/APP/vehicle/security/com.lib.dstcrypt/dstcrypt_dbg_print.c,common\car\com.lib.dstcrypt\dstcrypt_dbg_print.c
/code/src/SDK/APP/vehicle/security/com.lib.dstcrypt/dstcrypt_delete_isk.c,common\car\com.lib.dstcrypt\dstcrypt_delete_isk.c
/code/src/SDK/APP/vehicle/security/com.lib.dstcrypt/dstcrypt_get_device_type.c,common\car\com.lib.dstcrypt\dstcrypt_get_device_type.c
/code/src/SDK/APP/vehicle/security/com.lib.dstcrypt/dstcrypt_init_nvfs.c,common\car\com.lib.dstcrypt\dstcrypt_init_nvfs.c
/code/src/SDK/APP/vehicle/security/com.lib.dstcrypt/dstcrypt_load_isk.c,common\car\com.lib.dstcrypt\dstcrypt_load_isk.c
/code/src/SDK/APP/vehicle/security/com.lib.dstcrypt/dstcrypt_private.h,common\car\com.lib.dstcrypt\dstcrypt_private.h
/code/src/SDK/APP/vehicle/security/com.lib.dstcrypt/dstcrypt_set_isk.c,common\car\com.lib.dstcrypt\dstcrypt_set_isk.c
/code/src/SDK/APP/vehicle/security/com.lib.dstcrypt/dstcrypt_vars.c,common\car\com.lib.dstcrypt\dstcrypt_vars.c
/code/src/SDK/APP/vehicle/security/com.lib.dstcrypt/dstcrypt_write_isk.c,common\car\com.lib.dstcrypt\dstcrypt_write_isk.c
/code/src/SDK/APP/vehicle/security/com.lib.dst_bus/dst_bus.h,common\car\com.lib.dst_bus\dst_bus.h
/code/src/SDK/APP/vehicle/security/com.lib.dst_bus/dst_bus_clr_flag.c,common\car\com.lib.dst_bus\dst_bus_clr_flag.c
/code/src/SDK/APP/vehicle/security/com.lib.dst_bus/dst_bus_dbg_print.c,common\car\com.lib.dst_bus\dst_bus_dbg_print.c
/code/src/SDK/APP/vehicle/security/com.lib.dst_bus/dst_bus_dis.c,common\car\com.lib.dst_bus\dst_bus_dis.c
/code/src/SDK/APP/vehicle/security/com.lib.dst_bus/dst_bus_ena.c,common\car\com.lib.dst_bus\dst_bus_ena.c
/code/src/SDK/APP/vehicle/security/com.lib.dst_bus/dst_bus_err_add.c,common\car\com.lib.dst_bus\dst_bus_err_add.c
/code/src/SDK/APP/vehicle/security/com.lib.dst_bus/dst_bus_err_save.c,common\car\com.lib.dst_bus\dst_bus_err_save.c
/code/src/SDK/APP/vehicle/security/com.lib.dst_bus/dst_bus_fiq_service.c,common\car\com.lib.dst_bus\dst_bus_fiq_service.c
/code/src/SDK/APP/vehicle/security/com.lib.dst_bus/dst_bus_ign_off.c,common\car\com.lib.dst_bus\dst_bus_ign_off.c
/code/src/SDK/APP/vehicle/security/com.lib.dst_bus/dst_bus_ign_on.c,common\car\com.lib.dst_bus\dst_bus_ign_on.c
/code/src/SDK/APP/vehicle/security/com.lib.dst_bus/dst_bus_init.c,common\car\com.lib.dst_bus\dst_bus_init.c
/code/src/SDK/APP/vehicle/security/com.lib.dst_bus/dst_bus_init_nvfs.c,common\car\com.lib.dst_bus\dst_bus_init_nvfs.c
/code/src/SDK/APP/vehicle/security/com.lib.dst_bus/dst_bus_init_reset.c,common\car\com.lib.dst_bus\dst_bus_init_reset.c
/code/src/SDK/APP/vehicle/security/com.lib.dst_bus/dst_bus_int.c,common\car\com.lib.dst_bus\dst_bus_int.c
/code/src/SDK/APP/vehicle/security/com.lib.dst_bus/dst_bus_private.h,common\car\com.lib.dst_bus\dst_bus_private.h
/code/src/SDK/APP/vehicle/security/com.lib.dst_bus/dst_bus_reader_process.c,common\car\com.lib.dst_bus\dst_bus_reader_process.c
/code/src/SDK/APP/vehicle/security/com.lib.dst_bus/dst_bus_reset.c,common\car\com.lib.dst_bus\dst_bus_reset.c
/code/src/SDK/APP/vehicle/security/com.lib.dst_bus/dst_bus_set_flag.c,common\car\com.lib.dst_bus\dst_bus_set_flag.c
/code/src/SDK/APP/vehicle/security/com.lib.dst_bus/dst_bus_tag_irq_service_vector.c,common\car\com.lib.dst_bus\dst_bus_tag_irq_service_vector.c
/code/src/SDK/APP/vehicle/security/com.lib.dst_bus/dst_bus_task.c,common\car\com.lib.dst_bus\dst_bus_task.c
/code/src/SDK/APP/vehicle/security/com.lib.dst_bus/dst_bus_trans_process.c,common\car\com.lib.dst_bus\dst_bus_trans_process.c
/code/src/SDK/APP/vehicle/security/com.lib.dst_bus/dst_bus_tx.c,common\car\com.lib.dst_bus\dst_bus_tx.c
/code/src/SDK/APP/vehicle/security/com.lib.dst_bus/dst_bus_user_service.c,common\car\com.lib.dst_bus\dst_bus_user_service.c
/code/src/SDK/APP/vehicle/security/com.lib.dst_bus/dst_bus_vars.c,common\car\com.lib.dst_bus\dst_bus_vars.c
/code/src/SDK/APP/vehicle/security/com.lib.key/key.h,common\car\com.lib.key\key.h
/code/src/SDK/APP/vehicle/security/com.lib.key/key_dbg_print.c,common\car\com.lib.key\key_dbg_print.c
/code/src/SDK/APP/vehicle/security/com.lib.key/key_error_add.c,common\car\com.lib.key\key_error_add.c
/code/src/SDK/APP/vehicle/security/com.lib.key/key_error_save.c,common\car\com.lib.key\key_error_save.c
/code/src/SDK/APP/vehicle/security/com.lib.key/key_init.c,common\car\com.lib.key\key_init.c
/code/src/SDK/APP/vehicle/security/com.lib.key/key_init_nvfs.c,common\car\com.lib.key\key_init_nvfs.c
/code/src/SDK/APP/vehicle/security/com.lib.key/key_is_prog.c,common\car\com.lib.key\key_is_prog.c
/code/src/SDK/APP/vehicle/security/com.lib.key/key_private.h,common\car\com.lib.key\key_private.h
/code/src/SDK/APP/vehicle/security/com.lib.key/key_reset.c,common\car\com.lib.key\key_reset.c
/code/src/SDK/APP/vehicle/security/com.lib.key/key_save.c,common\car\com.lib.key\key_save.c
/code/src/SDK/APP/vehicle/security/com.lib.key/key_set_uid.c,common\car\com.lib.key\key_set_uid.c
/code/src/SDK/APP/vehicle/security/com.lib.key/key_sim_init.c,common\car\com.lib.key\key_sim_init.c
/code/src/SDK/APP/vehicle/security/com.lib.key/key_trace.c,common\car\com.lib.key\key_trace.c
/code/src/SDK/APP/vehicle/security/com.lib.key/key_vars.c,common\car\com.lib.key\key_vars.c
/code/src/SDK/APP/vehicle/security/com.lib.key/key_write_isk.c,common\car\com.lib.key\key_write_isk.c
/code/src/SDK/APP/vehicle/security/com.lib.key/key_write_pwd.c,common\car\com.lib.key\key_write_pwd.c
/code/src/SDK/APP/vehicle/security/com.lib.key/key_write_serial.c,common\car\com.lib.key\key_write_serial.c
/code/src/SDK/APP/vehicle/security/com.lib.key/key_write_tag_pwd.c,common\car\com.lib.key\key_write_tag_pwd.c
/code/src/SDK/APP/vehicle/security/com.lib.key/key_write_user_data1.c,common\car\com.lib.key\key_write_user_data1.c
/code/src/SDK/APP/vehicle/security/lib.fob.ctrl.dei/fob_ctrl_dei.c,cmall\core\lib.fob.ctrl.dei\fob_ctrl_dei.c
/code/src/SDK/APP/vehicle/security/lib.fob.ctrl.dei/fob_ctrl_dei.h,cmall\core\lib.fob.ctrl.dei\fob_ctrl_dei.h
/code/src/SDK/APP/vehicle/security/lib.fob.ctrl.dei/fob_ctrl_dei_init.c,cmall\core\lib.fob.ctrl.dei\fob_ctrl_dei_init.c
/code/src/SDK/BSP/bootloader/lib.app.scatter.1766/app.sct,common\core\lib.app.scatter.1766\app.sct
/code/src/SDK/BSP/bootloader/lib.app.scatter.1766/app.sct.bak,common\core\lib.app.scatter.1766\app.sct.bak
/code/src/SDK/BSP/bootloader/lib.app.scatter.1766/app_cm800.sct,common\core\lib.app.scatter.1766\app_cm800.sct
/code/src/SDK/BSP/bootloader/lib.app.scatter.1766/app_new_boot.sct,common\core\lib.app.scatter.1766\app_new_boot.sct
/code/src/SDK/BSP/bootloader/lib.app.scatter.1766/boot_1700.sct,common\core\lib.app.scatter.1766\boot_1700.sct
/code/src/SDK/BSP/mcu/device/lib.device/device.h,common\core\lib.device\device.h
/code/src/SDK/BSP/mcu/device/lib.hw_ver_code/hw_ver_code.h,common\core\lib.hw_ver_code\hw_ver_code.h
/code/src/SDK/BSP/mcu/device/lib.system.type/system_type.c,common\core\lib.system.type\system_type.c
/code/src/SDK/BSP/mcu/device/lib.system.type/system_type.h,common\core\lib.system.type\system_type.h
/code/src/SDK/BSP/mcu/device/lib.system.type/system_type_get.c,common\core\lib.system.type\system_type_get.c
/code/src/SDK/BSP/mcu/device/lib.system.type/system_type_vars.c,common\core\lib.system.type\system_type_vars.c
/code/src/SDK/BSP/mcu/lpc1700/lib.dei_led_1700/dei_led.h,cmall\core\lib.dei_led_1700\dei_led.h
/code/src/SDK/BSP/mcu/lpc1700/lib.dei_led_1700/dei_led_1700.c,cmall\core\lib.dei_led_1700\dei_led_1700.c
/code/src/SDK/BSP/mcu/lpc1700/lib.dei_led_1700/dei_led_execute.c,cmall\core\lib.dei_led_1700\dei_led_execute.c
/code/src/SDK/BSP/mcu/lpc1700/lib.dei_led_1700/dei_led_flash.c,cmall\core\lib.dei_led_1700\dei_led_flash.c
/code/src/SDK/BSP/mcu/lpc1700/lib.dei_led_1700/dei_led_init.c,cmall\core\lib.dei_led_1700\dei_led_init.c
/code/src/SDK/BSP/mcu/lpc1700/lib.dei_led_1700/dei_led_private.h,cmall\core\lib.dei_led_1700\dei_led_private.h
/code/src/SDK/BSP/mcu/lpc1700/lib.dei_led_1700/dei_led_vars.c,cmall\core\lib.dei_led_1700\dei_led_vars.c
/code/src/SDK/BSP/mcu/lpc1700/lib.dei_out_1700/dei_out.h,cmall\core\lib.dei_out_1700\dei_out.h
/code/src/SDK/BSP/mcu/lpc1700/lib.dei_out_1700/dei_out_1700.c,cmall\core\lib.dei_out_1700\dei_out_1700.c
/code/src/SDK/BSP/mcu/lpc1700/lib.dei_out_1700/dei_out_acc.c,cmall\core\lib.dei_out_1700\dei_out_acc.c
/code/src/SDK/BSP/mcu/lpc1700/lib.dei_out_1700/dei_out_aux1.c,cmall\core\lib.dei_out_1700\dei_out_aux1.c
/code/src/SDK/BSP/mcu/lpc1700/lib.dei_out_1700/dei_out_aux2.c,cmall\core\lib.dei_out_1700\dei_out_aux2.c
/code/src/SDK/BSP/mcu/lpc1700/lib.dei_out_1700/dei_out_aux3.c,cmall\core\lib.dei_out_1700\dei_out_aux3.c
/code/src/SDK/BSP/mcu/lpc1700/lib.dei_out_1700/dei_out_aux4.c,cmall\core\lib.dei_out_1700\dei_out_aux4.c
/code/src/SDK/BSP/mcu/lpc1700/lib.dei_out_1700/dei_out_comfort_closure.c,cmall\core\lib.dei_out_1700\dei_out_comfort_closure.c
/code/src/SDK/BSP/mcu/lpc1700/lib.dei_out_1700/dei_out_defroster_latched.c,cmall\core\lib.dei_out_1700\dei_out_defroster_latched.c
/code/src/SDK/BSP/mcu/lpc1700/lib.dei_out_1700/dei_out_defroster_pulsed.c,cmall\core\lib.dei_out_1700\dei_out_defroster_pulsed.c
/code/src/SDK/BSP/mcu/lpc1700/lib.dei_out_1700/dei_out_domelight.c,cmall\core\lib.dei_out_1700\dei_out_domelight.c
/code/src/SDK/BSP/mcu/lpc1700/lib.dei_out_1700/dei_out_factory_alarm_arm.c,cmall\core\lib.dei_out_1700\dei_out_factory_alarm_arm.c
/code/src/SDK/BSP/mcu/lpc1700/lib.dei_out_1700/dei_out_factory_alarm_disarm.c,cmall\core\lib.dei_out_1700\dei_out_factory_alarm_disarm.c
/code/src/SDK/BSP/mcu/lpc1700/lib.dei_out_1700/dei_out_ground_when_arm.c,cmall\core\lib.dei_out_1700\dei_out_ground_when_arm.c
/code/src/SDK/BSP/mcu/lpc1700/lib.dei_out_1700/dei_out_ground_when_locked.c,cmall\core\lib.dei_out_1700\dei_out_ground_when_locked.c
/code/src/SDK/BSP/mcu/lpc1700/lib.dei_out_1700/dei_out_ground_when_ready_mode.c,cmall\core\lib.dei_out_1700\dei_out_ground_when_ready_mode.c
/code/src/SDK/BSP/mcu/lpc1700/lib.dei_out_1700/dei_out_ground_when_running_5sec.c,cmall\core\lib.dei_out_1700\dei_out_ground_when_running_5sec.c
/code/src/SDK/BSP/mcu/lpc1700/lib.dei_out_1700/dei_out_ground_when_running_status.c,cmall\core\lib.dei_out_1700\dei_out_ground_when_running_status.c
/code/src/SDK/BSP/mcu/lpc1700/lib.dei_out_1700/dei_out_ground_when_triggered.c,cmall\core\lib.dei_out_1700\dei_out_ground_when_triggered.c
/code/src/SDK/BSP/mcu/lpc1700/lib.dei_out_1700/dei_out_ground_when_valet.c,cmall\core\lib.dei_out_1700\dei_out_ground_when_valet.c
/code/src/SDK/BSP/mcu/lpc1700/lib.dei_out_1700/dei_out_horn.c,cmall\core\lib.dei_out_1700\dei_out_horn.c
/code/src/SDK/BSP/mcu/lpc1700/lib.dei_out_1700/dei_out_ign.c,cmall\core\lib.dei_out_1700\dei_out_ign.c
/code/src/SDK/BSP/mcu/lpc1700/lib.dei_out_1700/dei_out_init.c,cmall\core\lib.dei_out_1700\dei_out_init.c
/code/src/SDK/BSP/mcu/lpc1700/lib.dei_out_1700/dei_out_led_flash.c,cmall\core\lib.dei_out_1700\dei_out_led_flash.c
/code/src/SDK/BSP/mcu/lpc1700/lib.dei_out_1700/dei_out_lock.c,cmall\core\lib.dei_out_1700\dei_out_lock.c
/code/src/SDK/BSP/mcu/lpc1700/lib.dei_out_1700/dei_out_parking_light.c,cmall\core\lib.dei_out_1700\dei_out_parking_light.c
/code/src/SDK/BSP/mcu/lpc1700/lib.dei_out_1700/dei_out_private.h,cmall\core\lib.dei_out_1700\dei_out_private.h
/code/src/SDK/BSP/mcu/lpc1700/lib.dei_out_1700/dei_out_pulse_after_ign_off.c,cmall\core\lib.dei_out_1700\dei_out_pulse_after_ign_off.c
/code/src/SDK/BSP/mcu/lpc1700/lib.dei_out_1700/dei_out_pulse_after_start.c,cmall\core\lib.dei_out_1700\dei_out_pulse_after_start.c
/code/src/SDK/BSP/mcu/lpc1700/lib.dei_out_1700/dei_out_pulse_before_start.c,cmall\core\lib.dei_out_1700\dei_out_pulse_before_start.c
/code/src/SDK/BSP/mcu/lpc1700/lib.dei_out_1700/dei_out_rear_defroster.c,cmall\core\lib.dei_out_1700\dei_out_rear_defroster.c
/code/src/SDK/BSP/mcu/lpc1700/lib.dei_out_1700/dei_out_second_unlock.c,cmall\core\lib.dei_out_1700\dei_out_second_unlock.c
/code/src/SDK/BSP/mcu/lpc1700/lib.dei_out_1700/dei_out_smartkey_control.c,cmall\core\lib.dei_out_1700\dei_out_smartkey_control.c
/code/src/SDK/BSP/mcu/lpc1700/lib.dei_out_1700/dei_out_start.c,cmall\core\lib.dei_out_1700\dei_out_start.c
/code/src/SDK/BSP/mcu/lpc1700/lib.dei_out_1700/dei_out_status.c,cmall\core\lib.dei_out_1700\dei_out_status.c
/code/src/SDK/BSP/mcu/lpc1700/lib.dei_out_1700/dei_out_trunk_release.c,cmall\core\lib.dei_out_1700\dei_out_trunk_release.c
/code/src/SDK/BSP/mcu/lpc1700/lib.dei_out_1700/dei_out_unlock.c,cmall\core\lib.dei_out_1700\dei_out_unlock.c
/code/src/SDK/BSP/mcu/lpc1700/lib.dei_out_1700/dei_out_unlock_user2.c,cmall\core\lib.dei_out_1700\dei_out_unlock_user2.c
/code/src/SDK/BSP/mcu/lpc1700/lib.dei_out_1700/dei_out_vars.c,cmall\core\lib.dei_out_1700\dei_out_vars.c
/code/src/SDK/BSP/mcu/lpc1700/lib.device.lpc1700/device_lpc_1700_rep.h,common\core\lib.device.lpc1700\device_lpc_1700_rep.h
/code/src/SDK/BSP/mcu/lpc1700/lib.device.lpc1700/device_lpc_17xx.h,common\core\lib.device.lpc1700\device_lpc_17xx.h
/code/src/SDK/BSP/mcu/lpc1700/lib.fob_ctrl_1700/fob_ctrl.c,cmall\core\lib.fob_ctrl_1700\fob_ctrl.c
/code/src/SDK/BSP/mcu/lpc1700/lib.fob_ctrl_1700/fob_ctrl.h,cmall\core\lib.fob_ctrl_1700\fob_ctrl.h
/code/src/SDK/BSP/mcu/lpc1700/lib.fob_ctrl_1700/fob_ctrl_callback.c,cmall\core\lib.fob_ctrl_1700\fob_ctrl_callback.c
/code/src/SDK/BSP/mcu/lpc1700/lib.fob_ctrl_1700/fob_ctrl_get_tbp.c,cmall\core\lib.fob_ctrl_1700\fob_ctrl_get_tbp.c
/code/src/SDK/BSP/mcu/lpc1700/lib.fob_ctrl_1700/fob_ctrl_init.c,cmall\core\lib.fob_ctrl_1700\fob_ctrl_init.c
/code/src/SDK/BSP/mcu/lpc1700/lib.fob_ctrl_1700/fob_ctrl_is_enable.c,cmall\core\lib.fob_ctrl_1700\fob_ctrl_is_enable.c
/code/src/SDK/BSP/mcu/lpc1700/lib.fob_ctrl_1700/fob_ctrl_lock.c,cmall\core\lib.fob_ctrl_1700\fob_ctrl_lock.c
/code/src/SDK/BSP/mcu/lpc1700/lib.fob_ctrl_1700/fob_ctrl_nvfs_init.c,cmall\core\lib.fob_ctrl_1700\fob_ctrl_nvfs_init.c
/code/src/SDK/BSP/mcu/lpc1700/lib.fob_ctrl_1700/fob_ctrl_nvfs_reset.c,cmall\core\lib.fob_ctrl_1700\fob_ctrl_nvfs_reset.c
/code/src/SDK/BSP/mcu/lpc1700/lib.fob_ctrl_1700/fob_ctrl_private.h,cmall\core\lib.fob_ctrl_1700\fob_ctrl_private.h
/code/src/SDK/BSP/mcu/lpc1700/lib.fob_ctrl_1700/fob_ctrl_reset.c,cmall\core\lib.fob_ctrl_1700\fob_ctrl_reset.c
/code/src/SDK/BSP/mcu/lpc1700/lib.fob_ctrl_1700/fob_ctrl_reset_init.c,cmall\core\lib.fob_ctrl_1700\fob_ctrl_reset_init.c
/code/src/SDK/BSP/mcu/lpc1700/lib.fob_ctrl_1700/fob_ctrl_tbp_expired.c,cmall\core\lib.fob_ctrl_1700\fob_ctrl_tbp_expired.c
/code/src/SDK/BSP/mcu/lpc1700/lib.fob_ctrl_1700/fob_ctrl_tbp_start.c,cmall\core\lib.fob_ctrl_1700\fob_ctrl_tbp_start.c
/code/src/SDK/BSP/mcu/lpc1700/lib.fob_ctrl_1700/fob_ctrl_tbp_stop.c,cmall\core\lib.fob_ctrl_1700\fob_ctrl_tbp_stop.c
/code/src/SDK/BSP/mcu/lpc1700/lib.fob_ctrl_1700/fob_ctrl_vars.c,cmall\core\lib.fob_ctrl_1700\fob_ctrl_vars.c
/code/src/SDK/BSP/mcu/lpc1700/lib.nvfs_1700/bfs.h,common\core\lib.nvfs_1700\bfs.h
/code/src/SDK/BSP/mcu/lpc1700/lib.nvfs_1700/bootservice.h,common\core\lib.nvfs_1700\bootservice.h
/code/src/SDK/BSP/mcu/lpc1700/lib.nvfs_1700/nvfs.c,common\core\lib.nvfs_1700\nvfs.c
/code/src/SDK/BSP/mcu/lpc1700/lib.nvfs_1700/nvfs.h,common\core\lib.nvfs_1700\nvfs.h
/code/src/SDK/BSP/mcu/lpc1700/lib.nvfs_1700/nvfs_1700.c,common\core\lib.nvfs_1700\nvfs_1700.c
/code/src/SDK/BSP/mcu/lpc1700/lib.nvfs_1700/nvram.h,common\core\lib.nvfs_1700\nvram.h
/code/src/SDK/BSP/mcu/lpc1700/lib.nvfs_1700/nvram_usr.h,common\core\lib.nvfs_1700\nvram_usr.h
/code/src/SDK/BSP/mcu/lpc1700/lib.os_1700/os.h,common\core\lib.os_1700\os.h
/code/src/SDK/BSP/mcu/lpc1700/lib.os_1700/os_1700.c,common\core\lib.os_1700\os_1700.c
/code/src/SDK/BSP/mcu/lpc1700/lib.os_1700/os_elig.c,common\core\lib.os_1700\os_elig.c
/code/src/SDK/BSP/mcu/lpc1700/lib.os_1700/os_evt.c,common\core\lib.os_1700\os_evt.c
/code/src/SDK/BSP/mcu/lpc1700/lib.os_1700/os_flg.c,common\core\lib.os_1700\os_flg.c
/code/src/SDK/BSP/mcu/lpc1700/lib.os_1700/os_gte.c,common\core\lib.os_1700\os_gte.c
/code/src/SDK/BSP/mcu/lpc1700/lib.os_1700/os_irq.c,common\core\lib.os_1700\os_irq.c
/code/src/SDK/BSP/mcu/lpc1700/lib.os_1700/os_kern.c,common\core\lib.os_1700\os_kern.c
/code/src/SDK/BSP/mcu/lpc1700/lib.os_1700/os_local.h,common\core\lib.os_1700\os_local.h
/code/src/SDK/BSP/mcu/lpc1700/lib.os_1700/os_mbx.c,common\core\lib.os_1700\os_mbx.c
/code/src/SDK/BSP/mcu/lpc1700/lib.os_1700/os_msg.c,common\core\lib.os_1700\os_msg.c
/code/src/SDK/BSP/mcu/lpc1700/lib.os_1700/os_pip.c,common\core\lib.os_1700\os_pip.c
/code/src/SDK/BSP/mcu/lpc1700/lib.os_1700/os_pte.c,common\core\lib.os_1700\os_pte.c
/code/src/SDK/BSP/mcu/lpc1700/lib.os_1700/os_queue.c,common\core\lib.os_1700\os_queue.c
/code/src/SDK/BSP/mcu/lpc1700/lib.os_1700/os_res.c,common\core\lib.os_1700\os_res.c
/code/src/SDK/BSP/mcu/lpc1700/lib.os_1700/os_stk.c,common\core\lib.os_1700\os_stk.c
/code/src/SDK/BSP/mcu/lpc1700/lib.os_1700/os_swi.c,common\core\lib.os_1700\os_swi.c
/code/src/SDK/BSP/mcu/lpc1700/lib.os_1700/os_tfr.c,common\core\lib.os_1700\os_tfr.c
/code/src/SDK/BSP/mcu/lpc1700/lib.os_1700/os_timeout.c,common\core\lib.os_1700\os_timeout.c
/code/src/SDK/BSP/mcu/lpc1700/lib.os_1700/os_timer.c,common\core\lib.os_1700\os_timer.c
/code/src/SDK/BSP/mcu/lpc1700/lib.os_1700/os_tsk.c,common\core\lib.os_1700\os_tsk.c
/code/src/SDK/BSP/mcu/lpc1700/lib.os_1700/os_vars.c,common\core\lib.os_1700\os_vars.c
/code/src/SDK/BSP/mcu/lpc1700/lib.os_1700.machine/os.machine_a.s,common\core\lib.os_1700.machine\os.machine_a.s
/code/src/SDK/BSP/mcu/lpc1700/lib.os_1700.machine/os.machine_c.c,common\core\lib.os_1700.machine\os.machine_c.c
/code/src/SDK/BSP/mcu/lpc1700/lib.prog_1700/prog.c,common\core\lib.prog_1700\prog.c
/code/src/SDK/BSP/mcu/lpc1700/lib.prog_1700/prog.h,common\core\lib.prog_1700\prog.h
/code/src/SDK/BSP/mcu/lpc1700/lib.sys_1700/sys.c,common\core\lib.sys_1700\sys.c
/code/src/SDK/BSP/mcu/lpc1700/lib.sys_1700/sys.h,common\core\lib.sys_1700\sys.h
/code/src/SDK/BSP/mcu/lpc1700/lib.sys_1700/sys_1700.c,common\core\lib.sys_1700\sys_1700.c
/code/src/SDK/BSP/mcu/lpc1700/lib.sys_1700/sys_idle_func.c,common\core\lib.sys_1700\sys_idle_func.c
/code/src/SDK/BSP/mcu/lpc1700/lib.sys_1700/sys_init.c,common\core\lib.sys_1700\sys_init.c
/code/src/SDK/BSP/mcu/lpc1700/lib.sys_1700/sys_init_clock.c,common\core\lib.sys_1700\sys_init_clock.c
/code/src/SDK/BSP/mcu/lpc1700/lib.sys_1700/sys_init_os_timer.c,common\core\lib.sys_1700\sys_init_os_timer.c
/code/src/SDK/BSP/mcu/lpc1700/lib.sys_1700/sys_mutex.c,common\core\lib.sys_1700\sys_mutex.c
/code/src/SDK/BSP/mcu/lpc1700/lib.sys_1700/sys_private.h,common\core\lib.sys_1700\sys_private.h
/code/src/SDK/BSP/mcu/lpc1700/lib.sys_1700/sys_retarget.c,common\core\lib.sys_1700\sys_retarget.c
/code/src/SDK/BSP/mcu/lpc1700/lib.sys_1700/sys_timer_register.c,common\core\lib.sys_1700\sys_timer_register.c
/code/src/SDK/BSP/mcu/lpc1700/lib.sys_1700/sys_timer_service.c,common\core\lib.sys_1700\sys_timer_service.c
/code/src/SDK/BSP/mcu/lpc1700/lib.sys_1700/sys_timer_vars.c,common\core\lib.sys_1700\sys_timer_vars.c
/code/src/SDK/BSP/mcu/lpc1700/lib.sys_1700/sys_wake.c,common\core\lib.sys_1700\sys_wake.c
/code/src/SDK/BSP/mcu/lpc1700/lib.wake_1700/wake.c,common\core\lib.wake_1700\wake.c
/code/src/SDK/BSP/mcu/lpc1700/lib.wake_1700/wake.h,common\core\lib.wake_1700\wake.h
/code/src/SDK/BSP/mcu/lpc1700/lib.wake_1700/wake_1700.c,common\core\lib.wake_1700\wake_1700.c
/code/src/SDK/BSP/mcu/lpc1700/lib.wake_1700/wake_ck_enter.c,common\core\lib.wake_1700\wake_ck_enter.c
/code/src/SDK/BSP/mcu/lpc1700/lib.wake_1700/wake_ck_leave.c,common\core\lib.wake_1700\wake_ck_leave.c
/code/src/SDK/BSP/mcu/lpc1700/lib.wake_1700/wake_clk_setup.c,common\core\lib.wake_1700\wake_clk_setup.c
/code/src/SDK/BSP/mcu/lpc1700/lib.wake_1700/wake_enter.c,common\core\lib.wake_1700\wake_enter.c
/code/src/SDK/BSP/mcu/lpc1700/lib.wake_1700/wake_init.c,common\core\lib.wake_1700\wake_init.c
/code/src/SDK/BSP/mcu/lpc1700/lib.wake_1700/wake_leave.c,common\core\lib.wake_1700\wake_leave.c
/code/src/SDK/BSP/mcu/lpc1700/lib.wake_1700/wake_notify_wake.c,common\core\lib.wake_1700\wake_notify_wake.c
/code/src/SDK/BSP/mcu/lpc1700/lib.wake_1700/wake_private.h,common\core\lib.wake_1700\wake_private.h
/code/src/SDK/BSP/mcu/lpc1700/lib.wake_1700/wake_register.c,common\core\lib.wake_1700\wake_register.c
/code/src/SDK/BSP/mcu/lpc1700/lib.wake_1700/wake_service.c,common\core\lib.wake_1700\wake_service.c
/code/src/SDK/BSP/mcu/lpc1700/lib.wake_1700/wake_set_timeout.c,common\core\lib.wake_1700\wake_set_timeout.c
/code/src/SDK/BSP/mcu/lpc1700/lib.wake_1700/wake_state.c,common\core\lib.wake_1700\wake_state.c
/code/src/SDK/BSP/mcu/lpc1700/lib.wake_1700/wake_tc.c,common\core\lib.wake_1700\wake_tc.c
/code/src/SDK/BSP/mcu/lpc1700/lib.wake_1700/wake_vars.c,common\core\lib.wake_1700\wake_vars.c
/code/src/SDK/BSP/peripherals/analog/com.lib.hw.dac/dac.h,common\car\com.lib.hw.dac\dac.h
/code/src/SDK/BSP/peripherals/analog/com.lib.hw.dac/dac_wr_adj_voltage.c,common\car\com.lib.hw.dac\dac_wr_adj_voltage.c
/code/src/SDK/BSP/peripherals/analog/com.lib.hw.dac/dac_wr_value.c,common\car\com.lib.hw.dac\dac_wr_value.c
/code/src/SDK/BSP/peripherals/analog/com.lib.hw.dac/dac_wr_voltage.c,common\car\com.lib.hw.dac\dac_wr_voltage.c
/code/src/SDK/BSP/peripherals/analog/lib.adc/adc.c,cmall\core\lib.adc\adc.c
/code/src/SDK/BSP/peripherals/analog/lib.adc/adc.h,cmall\core\lib.adc\adc.h
/code/src/SDK/BSP/peripherals/analog/lib.adc/adc_convert.c,cmall\core\lib.adc\adc_convert.c
/code/src/SDK/BSP/peripherals/analog/lib.adc/adc_convert_min_max_avg.c,cmall\core\lib.adc\adc_convert_min_max_avg.c
/code/src/SDK/BSP/peripherals/analog/lib.adc/adc_convert_raw.c,cmall\core\lib.adc\adc_convert_raw.c
/code/src/SDK/BSP/peripherals/analog/lib.adc/adc_init.c,cmall\core\lib.adc\adc_init.c
/code/src/SDK/BSP/peripherals/analog/lib.adc/adc_irq_service.c,cmall\core\lib.adc\adc_irq_service.c
/code/src/SDK/BSP/peripherals/analog/lib.adc/adc_private.h,cmall\core\lib.adc\adc_private.h
/code/src/SDK/BSP/peripherals/analog/lib.adc/adc_vars.c,cmall\core\lib.adc\adc_vars.c
/code/src/SDK/BSP/peripherals/analog/lib.adc/adc_wake.c,cmall\core\lib.adc\adc_wake.c
/code/src/SDK/BSP/peripherals/analog/lib.dac/dac.c,cmall\core\lib.dac\dac.c
/code/src/SDK/BSP/peripherals/analog/lib.dac/dac.h,cmall\core\lib.dac\dac.h
/code/src/SDK/BSP/peripherals/analog/lib.dac/dac_clr_output.c,cmall\core\lib.dac\dac_clr_output.c
/code/src/SDK/BSP/peripherals/analog/lib.dac/dac_convert.c,cmall\core\lib.dac\dac_convert.c
/code/src/SDK/BSP/peripherals/analog/lib.dac/dac_get_relay_ctl.c,cmall\core\lib.dac\dac_get_relay_ctl.c
/code/src/SDK/BSP/peripherals/analog/lib.dac/dac_init.c,cmall\core\lib.dac\dac_init.c
/code/src/SDK/BSP/peripherals/analog/lib.dac/dac_private.h,cmall\core\lib.dac\dac_private.h
/code/src/SDK/BSP/peripherals/analog/lib.dac/dac_set_output.c,cmall\core\lib.dac\dac_set_output.c
/code/src/SDK/BSP/peripherals/analog/lib.dac/dac_set_relay_ctl.c,cmall\core\lib.dac\dac_set_relay_ctl.c
/code/src/SDK/BSP/peripherals/analog/lib.dac/dac_wr_value.c,cmall\core\lib.dac\dac_wr_value.c
/code/src/SDK/BSP/peripherals/can/com.ext.lib.can/can.c,common\com.ext.lib.can\can.c
/code/src/SDK/BSP/peripherals/can/com.ext.lib.can/can.h,common\com.ext.lib.can\can.h
/code/src/SDK/BSP/peripherals/can/com.ext.lib.can/can_abd_irq_service.c,common\com.ext.lib.can\can_abd_irq_service.c
/code/src/SDK/BSP/peripherals/can/com.ext.lib.can/can_abd_lookup.c,common\com.ext.lib.can\can_abd_lookup.c
/code/src/SDK/BSP/peripherals/can/com.ext.lib.can/can_abd_test.c,common\com.ext.lib.can\can_abd_test.c
/code/src/SDK/BSP/peripherals/can/com.ext.lib.can/can_ctl_reset.c,common\com.ext.lib.can\can_ctl_reset.c
/code/src/SDK/BSP/peripherals/can/com.ext.lib.can/can_dev_create.c,common\com.ext.lib.can\can_dev_create.c
/code/src/SDK/BSP/peripherals/can/com.ext.lib.can/can_dev_dis.c,common\com.ext.lib.can\can_dev_dis.c
/code/src/SDK/BSP/peripherals/can/com.ext.lib.can/can_dev_ena.c,common\com.ext.lib.can\can_dev_ena.c
/code/src/SDK/BSP/peripherals/can/com.ext.lib.can/can_dev_set_irq_rx.c,common\com.ext.lib.can\can_dev_set_irq_rx.c
/code/src/SDK/BSP/peripherals/can/com.ext.lib.can/can_irq_service.c,common\com.ext.lib.can\can_irq_service.c
/code/src/SDK/BSP/peripherals/can/com.ext.lib.can/can_irq_service_bus_error.c,common\com.ext.lib.can\can_irq_service_bus_error.c
/code/src/SDK/BSP/peripherals/can/com.ext.lib.can/can_irq_service_bus_off.c,common\com.ext.lib.can\can_irq_service_bus_off.c
/code/src/SDK/BSP/peripherals/can/com.ext.lib.can/can_irq_service_overrun.c,common\com.ext.lib.can\can_irq_service_overrun.c
/code/src/SDK/BSP/peripherals/can/com.ext.lib.can/can_irq_service_rx.c,common\com.ext.lib.can\can_irq_service_rx.c
/code/src/SDK/BSP/peripherals/can/com.ext.lib.can/can_irq_service_tx.c,common\com.ext.lib.can\can_irq_service_tx.c
/code/src/SDK/BSP/peripherals/can/com.ext.lib.can/can_listen.c,common\com.ext.lib.can\can_listen.c
/code/src/SDK/BSP/peripherals/can/com.ext.lib.can/can_lut_accept.c,common\com.ext.lib.can\can_lut_accept.c
/code/src/SDK/BSP/peripherals/can/com.ext.lib.can/can_lut_bypass.c,common\com.ext.lib.can\can_lut_bypass.c
/code/src/SDK/BSP/peripherals/can/com.ext.lib.can/can_lut_insert_id.c,common\com.ext.lib.can\can_lut_insert_id.c
/code/src/SDK/BSP/peripherals/can/com.ext.lib.can/can_lut_read.c,common\com.ext.lib.can\can_lut_read.c
/code/src/SDK/BSP/peripherals/can/com.ext.lib.can/can_lut_reset.c,common\com.ext.lib.can\can_lut_reset.c
/code/src/SDK/BSP/peripherals/can/com.ext.lib.can/can_lut_write.c,common\com.ext.lib.can\can_lut_write.c
/code/src/SDK/BSP/peripherals/can/com.ext.lib.can/can_msg_rd.c,common\com.ext.lib.can\can_msg_rd.c
/code/src/SDK/BSP/peripherals/can/com.ext.lib.can/can_msg_wr.c,common\com.ext.lib.can\can_msg_wr.c
/code/src/SDK/BSP/peripherals/can/com.ext.lib.can/can_pclk_div.c,common\com.ext.lib.can\can_pclk_div.c
/code/src/SDK/BSP/peripherals/can/com.ext.lib.can/can_pin_map.c,common\com.ext.lib.can\can_pin_map.c
/code/src/SDK/BSP/peripherals/can/com.ext.lib.can/can_private.h,common\com.ext.lib.can\can_private.h
/code/src/SDK/BSP/peripherals/can/com.ext.lib.can/can_rx.c,common\com.ext.lib.can\can_rx.c
/code/src/SDK/BSP/peripherals/can/com.ext.lib.can/can_rx_create.c,common\com.ext.lib.can\can_rx_create.c
/code/src/SDK/BSP/peripherals/can/com.ext.lib.can/can_rx_flush.c,common\com.ext.lib.can\can_rx_flush.c
/code/src/SDK/BSP/peripherals/can/com.ext.lib.can/can_set_bitrate.c,common\com.ext.lib.can\can_set_bitrate.c
/code/src/SDK/BSP/peripherals/can/com.ext.lib.can/can_set_irq_func.c,common\com.ext.lib.can\can_set_irq_func.c
/code/src/SDK/BSP/peripherals/can/com.ext.lib.can/can_tx.c,common\com.ext.lib.can\can_tx.c
/code/src/SDK/BSP/peripherals/can/com.ext.lib.can/can_tx_create.c,common\com.ext.lib.can\can_tx_create.c
/code/src/SDK/BSP/peripherals/can/com.ext.lib.can/can_tx_one_shot.c,common\com.ext.lib.can\can_tx_one_shot.c
/code/src/SDK/BSP/peripherals/can/com.ext.lib.can/can_vars.c,common\com.ext.lib.can\can_vars.c
/code/src/SDK/BSP/peripherals/can/com.ext.lib.can.lut.sw/can_lut_sw.c,common\com.ext.lib.can.lut.sw\can_lut_sw.c
/code/src/SDK/BSP/peripherals/can/com.ext.lib.can.lut.sw/can_lut_sw.h,common\com.ext.lib.can.lut.sw\can_lut_sw.h
/code/src/SDK/BSP/peripherals/can/com.ext.lib.can.lut.sw/can_lut_sw_check_if.c,common\com.ext.lib.can.lut.sw\can_lut_sw_check_if.c
/code/src/SDK/BSP/peripherals/can/com.ext.lib.can.lut.sw/can_lut_sw_create.c,common\com.ext.lib.can.lut.sw\can_lut_sw_create.c
/code/src/SDK/BSP/peripherals/can/com.ext.lib.can.lut.sw/can_lut_sw_index.c,common\com.ext.lib.can.lut.sw\can_lut_sw_index.c
/code/src/SDK/BSP/peripherals/can/com.ext.lib.can.lut.sw/can_lut_sw_insert_entry.c,common\com.ext.lib.can.lut.sw\can_lut_sw_insert_entry.c
/code/src/SDK/BSP/peripherals/can/com.ext.lib.can.lut.sw/can_lut_sw_insert_id_ext.c,common\com.ext.lib.can.lut.sw\can_lut_sw_insert_id_ext.c
/code/src/SDK/BSP/peripherals/can/com.ext.lib.can.lut.sw/can_lut_sw_insert_id_ext_grp.c,common\com.ext.lib.can.lut.sw\can_lut_sw_insert_id_ext_grp.c
/code/src/SDK/BSP/peripherals/can/com.ext.lib.can.lut.sw/can_lut_sw_insert_id_std.c,common\com.ext.lib.can.lut.sw\can_lut_sw_insert_id_std.c
/code/src/SDK/BSP/peripherals/can/com.ext.lib.can.lut.sw/can_lut_sw_insert_id_std_grp.c,common\com.ext.lib.can.lut.sw\can_lut_sw_insert_id_std_grp.c
/code/src/SDK/BSP/peripherals/can/com.ext.lib.can.lut.sw/can_lut_sw_iterator.c,common\com.ext.lib.can.lut.sw\can_lut_sw_iterator.c
/code/src/SDK/BSP/peripherals/can/com.ext.lib.can.lut.sw/can_lut_sw_private.h,common\com.ext.lib.can.lut.sw\can_lut_sw_private.h
/code/src/SDK/BSP/peripherals/can/com.ext.lib.can.lut.sw/can_lut_sw_reset.c,common\com.ext.lib.can.lut.sw\can_lut_sw_reset.c
/code/src/SDK/BSP/peripherals/can/com.ext.lib.can.lut.sw/can_lut_sw_table_insert.c,common\com.ext.lib.can.lut.sw\can_lut_sw_table_insert.c
/code/src/SDK/BSP/peripherals/gpio/lib.800_gpio_1700/800_gpio_1700.c,cmall\core\lib.800_gpio_1700\800_gpio_1700.c
/code/src/SDK/BSP/peripherals/gpio/lib.800_gpio_1700/933_gpio.h,cmall\core\lib.800_gpio_1700\933_gpio.h
/code/src/SDK/BSP/peripherals/gpio/lib.800_gpio_1700/933_gpio_init.c,cmall\core\lib.800_gpio_1700\933_gpio_init.c
/code/src/SDK/BSP/peripherals/gpio/lib.800_gpio_1700/gpio.h,cmall\core\lib.800_gpio_1700\gpio.h
/code/src/SDK/BSP/peripherals/gpio/lib.gpio_pl/gpio_pl.c,common\core\lib.gpio_pl\gpio_pl.c
/code/src/SDK/BSP/peripherals/gpio/lib.gpio_pl/gpio_pl.h,common\core\lib.gpio_pl\gpio_pl.h
/code/src/SDK/BSP/peripherals/gpio/lib.gpio_wake/gpio_wake.c,common\core\lib.gpio_wake\gpio_wake.c
/code/src/SDK/BSP/peripherals/gpio/lib.gpio_wake/gpio_wake.h,common\core\lib.gpio_wake\gpio_wake.h
/code/src/SDK/BSP/peripherals/gpio/lib.gpio_wake/gpio_wake_func.c,common\core\lib.gpio_wake\gpio_wake_func.c
/code/src/SDK/BSP/peripherals/gpio/lib.gpio_wake/gpio_wake_init.c,common\core\lib.gpio_wake\gpio_wake_init.c
/code/src/SDK/BSP/peripherals/gpio/lib.gpio_wake/gpio_wake_private.h,common\core\lib.gpio_wake\gpio_wake_private.h
/code/src/SDK/BSP/peripherals/gpio/lib.gpio_wake/gpio_wake_vars.c,common\core\lib.gpio_wake\gpio_wake_vars.c
/code/src/SDK/BSP/peripherals/interrupts/lib.fiq/fiq.c,common\core\lib.fiq\fiq.c
/code/src/SDK/BSP/peripherals/interrupts/lib.fiq/fiq.h,common\core\lib.fiq\fiq.h
/code/src/SDK/BSP/peripherals/interrupts/lib.fiq/fiq_entry.c,common\core\lib.fiq\fiq_entry.c
/code/src/SDK/BSP/peripherals/interrupts/lib.fiq/fiq_get_tc.c,common\core\lib.fiq\fiq_get_tc.c
/code/src/SDK/BSP/peripherals/interrupts/lib.fiq/fiq_init.c,common\core\lib.fiq\fiq_init.c
/code/src/SDK/BSP/peripherals/interrupts/lib.fiq/fiq_private.h,common\core\lib.fiq\fiq_private.h
/code/src/SDK/BSP/peripherals/interrupts/lib.fiq/fiq_register.c,common\core\lib.fiq\fiq_register.c
/code/src/SDK/BSP/peripherals/interrupts/lib.fiq/fiq_service_vector.c,common\core\lib.fiq\fiq_service_vector.c
/code/src/SDK/BSP/peripherals/interrupts/lib.fiq/fiq_unregister.c,common\core\lib.fiq\fiq_unregister.c
/code/src/SDK/BSP/peripherals/interrupts/lib.fiq/fiq_vars.c,common\core\lib.fiq\fiq_vars.c
/code/src/SDK/BSP/peripherals/interrupts/lib.irq.usr_1700/irq_user.c,common\core\lib.irq.usr_1700\irq_user.c
/code/src/SDK/BSP/peripherals/interrupts/lib.irq.usr_1700/irq_user.h,common\core\lib.irq.usr_1700\irq_user.h
/code/src/SDK/BSP/peripherals/interrupts/lib.irq.usr_1700/irq_user_init.c,common\core\lib.irq.usr_1700\irq_user_init.c
/code/src/SDK/BSP/peripherals/interrupts/lib.irq.usr_1700/irq_user_private.h,common\core\lib.irq.usr_1700\irq_user_private.h
/code/src/SDK/BSP/peripherals/interrupts/lib.irq.usr_1700/irq_user_reg_func.c,common\core\lib.irq.usr_1700\irq_user_reg_func.c
/code/src/SDK/BSP/peripherals/interrupts/lib.irq.usr_1700/irq_user_reg_func_arg.c,common\core\lib.irq.usr_1700\irq_user_reg_func_arg.c
/code/src/SDK/BSP/peripherals/interrupts/lib.irq.usr_1700/irq_user_service_vector.c,common\core\lib.irq.usr_1700\irq_user_service_vector.c
/code/src/SDK/BSP/peripherals/interrupts/lib.irq.usr_1700/irq_user_vars.c,common\core\lib.irq.usr_1700\irq_user_vars.c
/code/src/SDK/BSP/peripherals/interrupts/lib.irq.usr_1700/irq_usr_1700.c,common\core\lib.irq.usr_1700\irq_usr_1700.c
/code/src/SDK/BSP/peripherals/interrupts/lib.isr_1700/isr.c,common\core\lib.isr_1700\isr.c
/code/src/SDK/BSP/peripherals/interrupts/lib.isr_1700/isr.h,common\core\lib.isr_1700\isr.h
/code/src/SDK/BSP/peripherals/interrupts/lib.isr_1700/isr_1700.c,common\core\lib.isr_1700\isr_1700.c
/code/src/SDK/BSP/peripherals/interrupts/lib.isr_1700/isr_enable.c,common\core\lib.isr_1700\isr_enable.c
/code/src/SDK/BSP/peripherals/interrupts/lib.isr_1700/isr_handler.c,common\core\lib.isr_1700\isr_handler.c
/code/src/SDK/BSP/peripherals/interrupts/lib.isr_1700/isr_init.c,common\core\lib.isr_1700\isr_init.c
/code/src/SDK/BSP/peripherals/interrupts/lib.isr_1700/isr_private.h,common\core\lib.isr_1700\isr_private.h
/code/src/SDK/BSP/peripherals/interrupts/lib.isr_1700/isr_set_priority.c,common\core\lib.isr_1700\isr_set_priority.c
/code/src/SDK/BSP/peripherals/interrupts/lib.isr_1700/isr_vars.c,common\core\lib.isr_1700\isr_vars.c
/code/src/SDK/BSP/peripherals/interrupts/lib.vic/vic.h,common\core\lib.vic\vic.h
/code/src/SDK/BSP/peripherals/interrupts/lib.vic/vic_set_vector.c,common\core\lib.vic\vic_set_vector.c
/code/src/SDK/BSP/peripherals/serial/lib.sio/sio.c,cmall\core\lib.sio\sio.c
/code/src/SDK/BSP/peripherals/serial/lib.sio/sio.h,cmall\core\lib.sio\sio.h
/code/src/SDK/BSP/peripherals/serial/lib.sio/sio_ctrl.c,cmall\core\lib.sio\sio_ctrl.c
/code/src/SDK/BSP/peripherals/serial/lib.sio/sio_private.h,cmall\core\lib.sio\sio_private.h
/code/src/SDK/BSP/peripherals/serial/lib.sio/sio_rx.c,cmall\core\lib.sio\sio_rx.c
/code/src/SDK/BSP/peripherals/serial/lib.sio/sio_rx_append.c,cmall\core\lib.sio\sio_rx_append.c
/code/src/SDK/BSP/peripherals/serial/lib.sio/sio_rx_flush.c,cmall\core\lib.sio\sio_rx_flush.c
/code/src/SDK/BSP/peripherals/serial/lib.sio/sio_tx.c,cmall\core\lib.sio\sio_tx.c
/code/src/SDK/BSP/peripherals/serial/lib.sio/sio_tx_crlf.c,cmall\core\lib.sio\sio_tx_crlf.c
/code/src/SDK/BSP/peripherals/serial/lib.sio/sio_tx_drain.c,cmall\core\lib.sio\sio_tx_drain.c
/code/src/SDK/BSP/peripherals/serial/lib.sio/sio_tx_h16.c,cmall\core\lib.sio\sio_tx_h16.c
/code/src/SDK/BSP/peripherals/serial/lib.sio/sio_tx_h32.c,cmall\core\lib.sio\sio_tx_h32.c
/code/src/SDK/BSP/peripherals/serial/lib.sio/sio_tx_h8.c,cmall\core\lib.sio\sio_tx_h8.c
/code/src/SDK/BSP/peripherals/serial/lib.sio/sio_tx_text.c,cmall\core\lib.sio\sio_tx_text.c
/code/src/SDK/BSP/peripherals/serial/lib.sio/sio_tx_u16.c,cmall\core\lib.sio\sio_tx_u16.c
/code/src/SDK/BSP/peripherals/serial/lib.sio/sio_tx_u32.c,cmall\core\lib.sio\sio_tx_u32.c
/code/src/SDK/BSP/peripherals/serial/lib.sio/sio_tx_u8.c,cmall\core\lib.sio\sio_tx_u8.c
/code/src/SDK/BSP/peripherals/serial/lib.sio/sio_tx_unsigned.c,cmall\core\lib.sio\sio_tx_unsigned.c
/code/src/SDK/BSP/peripherals/serial/lib.sio_uart/sio_uart.c,cmall\core\lib.sio_uart\sio_uart.c
/code/src/SDK/BSP/peripherals/serial/lib.sio_uart/sio_uart.h,cmall\core\lib.sio_uart\sio_uart.h
/code/src/SDK/BSP/peripherals/serial/lib.sio_uart/sio_uart_create.c,cmall\core\lib.sio_uart\sio_uart_create.c
/code/src/SDK/BSP/peripherals/serial/lib.sio_uart/sio_uart_create_cfg.c,cmall\core\lib.sio_uart\sio_uart_create_cfg.c
/code/src/SDK/BSP/peripherals/serial/lib.sio_uart/sio_uart_ctrl.c,cmall\core\lib.sio_uart\sio_uart_ctrl.c
/code/src/SDK/BSP/peripherals/serial/lib.sio_uart/sio_uart_ctrl_rx_append_t.c,cmall\core\lib.sio_uart\sio_uart_ctrl_rx_append_t.c
/code/src/SDK/BSP/peripherals/serial/lib.sio_uart/sio_uart_ctrl_rx_bypass_disable.c,cmall\core\lib.sio_uart\sio_uart_ctrl_rx_bypass_disable.c
/code/src/SDK/BSP/peripherals/serial/lib.sio_uart/sio_uart_ctrl_rx_bypass_enable.c,cmall\core\lib.sio_uart\sio_uart_ctrl_rx_bypass_enable.c
/code/src/SDK/BSP/peripherals/serial/lib.sio_uart/sio_uart_ctrl_rx_flush_t.c,cmall\core\lib.sio_uart\sio_uart_ctrl_rx_flush_t.c
/code/src/SDK/BSP/peripherals/serial/lib.sio_uart/sio_uart_ctrl_tx_break.c,cmall\core\lib.sio_uart\sio_uart_ctrl_tx_break.c
/code/src/SDK/BSP/peripherals/serial/lib.sio_uart/sio_uart_ctrl_tx_drain_t.c,cmall\core\lib.sio_uart\sio_uart_ctrl_tx_drain_t.c
/code/src/SDK/BSP/peripherals/serial/lib.sio_uart/sio_uart_fifo_rx_append_i.c,cmall\core\lib.sio_uart\sio_uart_fifo_rx_append_i.c
/code/src/SDK/BSP/peripherals/serial/lib.sio_uart/sio_uart_irq_rls.c,cmall\core\lib.sio_uart\sio_uart_irq_rls.c
/code/src/SDK/BSP/peripherals/serial/lib.sio_uart/sio_uart_irq_rx.c,cmall\core\lib.sio_uart\sio_uart_irq_rx.c
/code/src/SDK/BSP/peripherals/serial/lib.sio_uart/sio_uart_irq_service.c,cmall\core\lib.sio_uart\sio_uart_irq_service.c
/code/src/SDK/BSP/peripherals/serial/lib.sio_uart/sio_uart_irq_service_rls.c,cmall\core\lib.sio_uart\sio_uart_irq_service_rls.c
/code/src/SDK/BSP/peripherals/serial/lib.sio_uart/sio_uart_irq_service_rx.c,cmall\core\lib.sio_uart\sio_uart_irq_service_rx.c
/code/src/SDK/BSP/peripherals/serial/lib.sio_uart/sio_uart_irq_service_tx.c,cmall\core\lib.sio_uart\sio_uart_irq_service_tx.c
/code/src/SDK/BSP/peripherals/serial/lib.sio_uart/sio_uart_irq_service_vector.c,cmall\core\lib.sio_uart\sio_uart_irq_service_vector.c
/code/src/SDK/BSP/peripherals/serial/lib.sio_uart/sio_uart_irq_tx.c,cmall\core\lib.sio_uart\sio_uart_irq_tx.c
/code/src/SDK/BSP/peripherals/serial/lib.sio_uart/sio_uart_private.h,cmall\core\lib.sio_uart\sio_uart_private.h
/code/src/SDK/BSP/peripherals/serial/lib.sio_uart/sio_uart_rx.c,cmall\core\lib.sio_uart\sio_uart_rx.c
/code/src/SDK/BSP/peripherals/serial/lib.sio_uart/sio_uart_tx.c,cmall\core\lib.sio_uart\sio_uart_tx.c
/code/src/SDK/BSP/peripherals/serial/lib.sio_uart/sio_uart_vars.c,cmall\core\lib.sio_uart\sio_uart_vars.c
/code/src/SDK/BSP/peripherals/serial/lib.sio_uart/sio_uart_wait_tx_ready.c,cmall\core\lib.sio_uart\sio_uart_wait_tx_ready.c
/code/src/SDK/BSP/peripherals/serial/lib.sio_uart/uart-pin-map.xls,cmall\core\lib.sio_uart\uart-pin-map.xls
/code/src/SDK/BSP/peripherals/timers/lib.rtc/rtc.c,cmall\core\lib.rtc\rtc.c
/code/src/SDK/BSP/peripherals/timers/lib.rtc/rtc.h,cmall\core\lib.rtc\rtc.h
/code/src/SDK/BSP/peripherals/timers/lib.rtc/rtc_calculator.xlsx,cmall\core\lib.rtc\rtc_calculator.xlsx
/code/src/SDK/BSP/peripherals/timers/lib.rtc/rtc_disable.c,cmall\core\lib.rtc\rtc_disable.c
/code/src/SDK/BSP/peripherals/timers/lib.rtc/rtc_enable.c,cmall\core\lib.rtc\rtc_enable.c
/code/src/SDK/BSP/peripherals/timers/lib.rtc/rtc_init.c,cmall\core\lib.rtc\rtc_init.c
/code/src/SDK/BSP/peripherals/timers/lib.rtc/rtc_irq_ack.c,cmall\core\lib.rtc\rtc_irq_ack.c
/code/src/SDK/BSP/peripherals/timers/lib.rtc/rtc_private.h,cmall\core\lib.rtc\rtc_private.h
/code/src/SDK/BSP/peripherals/timers/lib.rtc/rtc_vars.c,cmall\core\lib.rtc\rtc_vars.c
/code/src/SDK/BSP/peripherals/timers/lib.rtc/rtc_wake.c,cmall\core\lib.rtc\rtc_wake.c
/code/src/SDK/BSP/peripherals/timers/lib.tmr/tmr.c,common\core\lib.tmr\tmr.c
/code/src/SDK/BSP/peripherals/timers/lib.tmr/tmr.h,common\core\lib.tmr\tmr.h
/code/src/SDK/BSP/peripherals/timers/lib.tmr/tmr_create.c,common\core\lib.tmr\tmr_create.c
/code/src/SDK/BSP/peripherals/timers/lib.tmr/tmr_dis.c,common\core\lib.tmr\tmr_dis.c
/code/src/SDK/BSP/peripherals/timers/lib.tmr/tmr_ena.c,common\core\lib.tmr\tmr_ena.c
/code/src/SDK/BSP/peripherals/timers/lib.tmr/tmr_init.c,common\core\lib.tmr\tmr_init.c
/code/src/SDK/BSP/peripherals/timers/lib.tmr/tmr_int_sta.c,common\core\lib.tmr\tmr_int_sta.c
/code/src/SDK/BSP/peripherals/timers/lib.tmr/tmr_is_ena.c,common\core\lib.tmr\tmr_is_ena.c
/code/src/SDK/BSP/peripherals/timers/lib.tmr/tmr_private.h,common\core\lib.tmr\tmr_private.h
/code/src/SDK/BSP/peripherals/timers/lib.tmr/tmr_start.c,common\core\lib.tmr\tmr_start.c
/code/src/SDK/BSP/peripherals/timers/lib.tmr/tmr_update.c,common\core\lib.tmr\tmr_update.c
/code/src/SDK/BSP/peripherals/timers/lib.tmr/tmr_vars.c,common\core\lib.tmr\tmr_vars.c
/code/src/SDK/BSP/peripherals/timers/lib.tmr.fiq/tmr.h,cmall\core\lib.tmr.fiq\tmr.h
/code/src/SDK/BSP/peripherals/timers/lib.tmr.fiq/tmr_create.c,cmall\core\lib.tmr.fiq\tmr_create.c
/code/src/SDK/BSP/peripherals/timers/lib.tmr.fiq/tmr_dis.c,cmall\core\lib.tmr.fiq\tmr_dis.c
/code/src/SDK/BSP/peripherals/timers/lib.tmr.fiq/tmr_ena.c,cmall\core\lib.tmr.fiq\tmr_ena.c
/code/src/SDK/BSP/peripherals/timers/lib.tmr.fiq/tmr_init.c,cmall\core\lib.tmr.fiq\tmr_init.c
/code/src/SDK/BSP/peripherals/timers/lib.tmr.fiq/tmr_int_sta.c,cmall\core\lib.tmr.fiq\tmr_int_sta.c
/code/src/SDK/BSP/peripherals/timers/lib.tmr.fiq/tmr_is_ena.c,cmall\core\lib.tmr.fiq\tmr_is_ena.c
/code/src/SDK/BSP/peripherals/timers/lib.tmr.fiq/tmr_private.h,cmall\core\lib.tmr.fiq\tmr_private.h
/code/src/SDK/BSP/peripherals/timers/lib.tmr.fiq/tmr_start.c,cmall\core\lib.tmr.fiq\tmr_start.c
/code/src/SDK/BSP/peripherals/timers/lib.tmr.fiq/tmr_update.c,cmall\core\lib.tmr.fiq\tmr_update.c
/code/src/SDK/BSP/peripherals/timers/lib.tmr.fiq/tmr_vars.c,cmall\core\lib.tmr.fiq\tmr_vars.c
/code/src/SDK/BSP/peripherals/timers/lib.tmr.irq/tmr_irq.c,cmall\core\lib.tmr.irq\tmr_irq.c
/code/src/SDK/BSP/peripherals/timers/lib.tmr.irq/tmr_irq.h,cmall\core\lib.tmr.irq\tmr_irq.h
/code/src/SDK/BSP/peripherals/timers/lib.tmr.irq/tmr_irq_create.c,cmall\core\lib.tmr.irq\tmr_irq_create.c
/code/src/SDK/BSP/peripherals/timers/lib.tmr.irq/tmr_irq_dis.c,cmall\core\lib.tmr.irq\tmr_irq_dis.c
/code/src/SDK/BSP/peripherals/timers/lib.tmr.irq/tmr_irq_ena.c,cmall\core\lib.tmr.irq\tmr_irq_ena.c
/code/src/SDK/BSP/peripherals/timers/lib.tmr.irq/tmr_irq_init.c,cmall\core\lib.tmr.irq\tmr_irq_init.c
/code/src/SDK/BSP/peripherals/timers/lib.tmr.irq/tmr_irq_int_sta.c,cmall\core\lib.tmr.irq\tmr_irq_int_sta.c
/code/src/SDK/BSP/peripherals/timers/lib.tmr.irq/tmr_irq_is_ena.c,cmall\core\lib.tmr.irq\tmr_irq_is_ena.c
/code/src/SDK/BSP/peripherals/timers/lib.tmr.irq/tmr_irq_private.h,cmall\core\lib.tmr.irq\tmr_irq_private.h
/code/src/SDK/BSP/peripherals/timers/lib.tmr.irq/tmr_irq_service.c,cmall\core\lib.tmr.irq\tmr_irq_service.c
/code/src/SDK/BSP/peripherals/timers/lib.tmr.irq/tmr_irq_update.c,cmall\core\lib.tmr.irq\tmr_irq_update.c
/code/src/SDK/BSP/peripherals/timers/lib.tmr.irq/tmr_irq_vars.c,cmall\core\lib.tmr.irq\tmr_irq_vars.c
/code/src/SDK/BSP/peripherals/timers/lib.vrtc/vrtc.c,cmall\core\lib.vrtc\vrtc.c
/code/src/SDK/BSP/peripherals/timers/lib.vrtc/vrtc.h,cmall\core\lib.vrtc\vrtc.h
/code/src/SDK/BSP/peripherals/timers/lib.vrtc/vrtc_build.c,cmall\core\lib.vrtc\vrtc_build.c
/code/src/SDK/BSP/peripherals/timers/lib.vrtc/vrtc_create.c,cmall\core\lib.vrtc\vrtc_create.c
/code/src/SDK/BSP/peripherals/timers/lib.vrtc/vrtc_exec.c,cmall\core\lib.vrtc\vrtc_exec.c
/code/src/SDK/BSP/peripherals/timers/lib.vrtc/vrtc_init.c,cmall\core\lib.vrtc\vrtc_init.c
/code/src/SDK/BSP/peripherals/timers/lib.vrtc/vrtc_private.h,cmall\core\lib.vrtc\vrtc_private.h
/code/src/SDK/BSP/peripherals/timers/lib.vrtc/vrtc_service.c,cmall\core\lib.vrtc\vrtc_service.c
/code/src/SDK/BSP/peripherals/timers/lib.vrtc/vrtc_start.c,cmall\core\lib.vrtc\vrtc_start.c
/code/src/SDK/BSP/peripherals/timers/lib.vrtc/vrtc_stop.c,cmall\core\lib.vrtc\vrtc_stop.c
/code/src/SDK/BSP/peripherals/timers/lib.vrtc/vrtc_sys_tick.c,cmall\core\lib.vrtc\vrtc_sys_tick.c
/code/src/SDK/BSP/peripherals/timers/lib.vrtc/vrtc_update.c,cmall\core\lib.vrtc\vrtc_update.c
/code/src/SDK/BSP/peripherals/timers/lib.vrtc/vrtc_vars.c,cmall\core\lib.vrtc\vrtc_vars.c
/code/src/SDK/BSP/peripherals/timers/lib.vrtc.f/vrtc_f.c,cmall\core\lib.vrtc.f\vrtc_f.c
/code/src/SDK/BSP/peripherals/timers/lib.vrtc.f/vrtc_f.h,cmall\core\lib.vrtc.f\vrtc_f.h
/code/src/SDK/BSP/peripherals/timers/lib.vrtc.f/vrtc_f_create.c,cmall\core\lib.vrtc.f\vrtc_f_create.c
/code/src/SDK/BSP/peripherals/timers/lib.vrtc.f/vrtc_f_init.c,cmall\core\lib.vrtc.f\vrtc_f_init.c
/code/src/SDK/BSP/peripherals/timers/lib.vrtc.f/vrtc_f_irq_service.c,cmall\core\lib.vrtc.f\vrtc_f_irq_service.c
/code/src/SDK/BSP/peripherals/timers/lib.vrtc.f/vrtc_f_private.h,cmall\core\lib.vrtc.f\vrtc_f_private.h
/code/src/SDK/BSP/peripherals/timers/lib.vrtc.f/vrtc_f_user_service.c,cmall\core\lib.vrtc.f\vrtc_f_user_service.c
/code/src/SDK/BSP/peripherals/timers/lib.vrtc.f/vrtc_f_vars.c,cmall\core\lib.vrtc.f\vrtc_f_vars.c
/code/src/SDK/BSP/peripherals/watchdog/lib.wdog/wdog.c,common\core\lib.wdog\wdog.c
/code/src/SDK/BSP/peripherals/watchdog/lib.wdog/wdog.h,common\core\lib.wdog\wdog.h
/code/src/SDK/BSP/peripherals/watchdog/lib.wdog/wdog_enable.c,common\core\lib.wdog\wdog_enable.c
/code/src/SDK/BSP/peripherals/watchdog/lib.wdog/wdog_force_reset.c,common\core\lib.wdog\wdog_force_reset.c
/code/src/SDK/BSP/peripherals/watchdog/lib.wdog/wdog_init.c,common\core\lib.wdog\wdog_init.c
/code/src/SDK/BSP/peripherals/watchdog/lib.wdog/wdog_kick.c,common\core\lib.wdog\wdog_kick.c
/code/src/SDK/BSP/peripherals/watchdog/lib.wdog/wdog_private.h,common\core\lib.wdog\wdog_private.h
/code/src/SDK/BSP/peripherals/watchdog/lib.wdog/wdog_vars.c,common\core\lib.wdog\wdog_vars.c
/code/src/SDK/HAL/communication/can/com.ext.lib.can.v/can_v.c,common\com.ext.lib.can.v\can_v.c
/code/src/SDK/HAL/communication/can/com.ext.lib.can.v/can_v.h,common\com.ext.lib.can.v\can_v.h
/code/src/SDK/HAL/communication/can/com.ext.lib.can.v/can_v_can_irq_service_rx.c,common\com.ext.lib.can.v\can_v_can_irq_service_rx.c
/code/src/SDK/HAL/communication/can/com.ext.lib.can.v/can_v_combo_iterator.c,common\com.ext.lib.can.v\can_v_combo_iterator.c
/code/src/SDK/HAL/communication/can/com.ext.lib.can.v/can_v_execute.c,common\com.ext.lib.can.v\can_v_execute.c
/code/src/SDK/HAL/communication/can/com.ext.lib.can.v/can_v_id_class_combine.c,common\com.ext.lib.can.v\can_v_id_class_combine.c
/code/src/SDK/HAL/communication/can/com.ext.lib.can.v/can_v_id_class_create.c,common\com.ext.lib.can.v\can_v_id_class_create.c
/code/src/SDK/HAL/communication/can/com.ext.lib.can.v/can_v_id_class_delete.c,common\com.ext.lib.can.v\can_v_id_class_delete.c
/code/src/SDK/HAL/communication/can/com.ext.lib.can.v/can_v_id_class_wr_hw_lut.c,common\com.ext.lib.can.v\can_v_id_class_wr_hw_lut.c
/code/src/SDK/HAL/communication/can/com.ext.lib.can.v/can_v_id_range_copy.c,common\com.ext.lib.can.v\can_v_id_range_copy.c
/code/src/SDK/HAL/communication/can/com.ext.lib.can.v/can_v_id_range_create.c,common\com.ext.lib.can.v\can_v_id_range_create.c
/code/src/SDK/HAL/communication/can/com.ext.lib.can.v/can_v_id_range_delete.c,common\com.ext.lib.can.v\can_v_id_range_delete.c
/code/src/SDK/HAL/communication/can/com.ext.lib.can.v/can_v_id_range_hw_wr.c,common\com.ext.lib.can.v\can_v_id_range_hw_wr.c
/code/src/SDK/HAL/communication/can/com.ext.lib.can.v/can_v_id_range_link.c,common\com.ext.lib.can.v\can_v_id_range_link.c
/code/src/SDK/HAL/communication/can/com.ext.lib.can.v/can_v_id_range_unlink.c,common\com.ext.lib.can.v\can_v_id_range_unlink.c
/code/src/SDK/HAL/communication/can/com.ext.lib.can.v/can_v_id_set_append.c,common\com.ext.lib.can.v\can_v_id_set_append.c
/code/src/SDK/HAL/communication/can/com.ext.lib.can.v/can_v_id_set_copy.c,common\com.ext.lib.can.v\can_v_id_set_copy.c
/code/src/SDK/HAL/communication/can/com.ext.lib.can.v/can_v_id_set_create.c,common\com.ext.lib.can.v\can_v_id_set_create.c
/code/src/SDK/HAL/communication/can/com.ext.lib.can.v/can_v_id_set_delete.c,common\com.ext.lib.can.v\can_v_id_set_delete.c
/code/src/SDK/HAL/communication/can/com.ext.lib.can.v/can_v_id_set_insert.c,common\com.ext.lib.can.v\can_v_id_set_insert.c
/code/src/SDK/HAL/communication/can/com.ext.lib.can.v/can_v_id_set_intersect.c,common\com.ext.lib.can.v\can_v_id_set_intersect.c
/code/src/SDK/HAL/communication/can/com.ext.lib.can.v/can_v_id_set_iterator.c,common\com.ext.lib.can.v\can_v_id_set_iterator.c
/code/src/SDK/HAL/communication/can/com.ext.lib.can.v/can_v_id_set_peek.c,common\com.ext.lib.can.v\can_v_id_set_peek.c
/code/src/SDK/HAL/communication/can/com.ext.lib.can.v/can_v_id_set_sort.c,common\com.ext.lib.can.v\can_v_id_set_sort.c
/code/src/SDK/HAL/communication/can/com.ext.lib.can.v/can_v_id_set_subtract.c,common\com.ext.lib.can.v\can_v_id_set_subtract.c
/code/src/SDK/HAL/communication/can/com.ext.lib.can.v/can_v_lut_extract.c,common\com.ext.lib.can.v\can_v_lut_extract.c
/code/src/SDK/HAL/communication/can/com.ext.lib.can.v/can_v_mem.c,common\com.ext.lib.can.v\can_v_mem.c
/code/src/SDK/HAL/communication/can/com.ext.lib.can.v/can_v_private.h,common\com.ext.lib.can.v\can_v_private.h
/code/src/SDK/HAL/communication/can/com.ext.lib.can.v/can_v_q.c,common\com.ext.lib.can.v\can_v_q.c
/code/src/SDK/HAL/communication/can/com.ext.lib.can.v/can_v_rx.c,common\com.ext.lib.can.v\can_v_rx.c
/code/src/SDK/HAL/communication/can/com.ext.lib.can.v/can_v_rx_create.c,common\com.ext.lib.can.v\can_v_rx_create.c
/code/src/SDK/HAL/communication/can/com.ext.lib.can.v/can_v_rx_init_os_interface.c,common\com.ext.lib.can.v\can_v_rx_init_os_interface.c
/code/src/SDK/HAL/communication/can/com.ext.lib.can.v/can_v_rx_lut_map_hw_to_sw.c,common\com.ext.lib.can.v\can_v_rx_lut_map_hw_to_sw.c
/code/src/SDK/HAL/communication/can/com.ext.lib.can.v/can_v_rx_lut_map_sw_to_hw.c,common\com.ext.lib.can.v\can_v_rx_lut_map_sw_to_hw.c
/code/src/SDK/HAL/communication/can/com.ext.lib.can.v/can_v_vars.c,common\com.ext.lib.can.v\can_v_vars.c
/code/src/SDK/HAL/communication/can/com.ext.lib.can.v.usr/can_v_usr.c,common\com.ext.lib.can.v.usr\can_v_usr.c
/code/src/SDK/HAL/communication/can/com.ext.lib.can.v.usr/can_v_usr.h,common\com.ext.lib.can.v.usr\can_v_usr.h
/code/src/SDK/HAL/communication/can/com.ext.lib.can.v.usr/can_v_usr_err_add.c,common\com.ext.lib.can.v.usr\can_v_usr_err_add.c
/code/src/SDK/HAL/communication/can/com.ext.lib.can.v.usr/can_v_usr_err_save.c,common\com.ext.lib.can.v.usr\can_v_usr_err_save.c
/code/src/SDK/HAL/communication/can/com.ext.lib.can.v.usr/can_v_usr_execute.c,common\com.ext.lib.can.v.usr\can_v_usr_execute.c
/code/src/SDK/HAL/communication/can/com.ext.lib.can.v.usr/can_v_usr_fiq_service.c,common\com.ext.lib.can.v.usr\can_v_usr_fiq_service.c
/code/src/SDK/HAL/communication/can/com.ext.lib.can.v.usr/can_v_usr_init.c,common\com.ext.lib.can.v.usr\can_v_usr_init.c
/code/src/SDK/HAL/communication/can/com.ext.lib.can.v.usr/can_v_usr_init_nvfs.c,common\com.ext.lib.can.v.usr\can_v_usr_init_nvfs.c
/code/src/SDK/HAL/communication/can/com.ext.lib.can.v.usr/can_v_usr_init_opt.c,common\com.ext.lib.can.v.usr\can_v_usr_init_opt.c
/code/src/SDK/HAL/communication/can/com.ext.lib.can.v.usr/can_v_usr_init_reset.c,common\com.ext.lib.can.v.usr\can_v_usr_init_reset.c
/code/src/SDK/HAL/communication/can/com.ext.lib.can.v.usr/can_v_usr_irq_service.c,common\com.ext.lib.can.v.usr\can_v_usr_irq_service.c
/code/src/SDK/HAL/communication/can/com.ext.lib.can.v.usr/can_v_usr_private.h,common\com.ext.lib.can.v.usr\can_v_usr_private.h
/code/src/SDK/HAL/communication/can/com.ext.lib.can.v.usr/can_v_usr_reset.c,common\com.ext.lib.can.v.usr\can_v_usr_reset.c
/code/src/SDK/HAL/communication/can/com.ext.lib.can.v.usr/can_v_usr_rx_task.c,common\com.ext.lib.can.v.usr\can_v_usr_rx_task.c
/code/src/SDK/HAL/communication/can/com.ext.lib.can.v.usr/can_v_usr_sw_mode.c,common\com.ext.lib.can.v.usr\can_v_usr_sw_mode.c
/code/src/SDK/HAL/communication/can/com.ext.lib.can.v.usr/can_v_usr_tx.c,common\com.ext.lib.can.v.usr\can_v_usr_tx.c
/code/src/SDK/HAL/communication/can/com.ext.lib.can.v.usr/can_v_usr_tx_task.c,common\com.ext.lib.can.v.usr\can_v_usr_tx_task.c
/code/src/SDK/HAL/communication/can/com.ext.lib.can.v.usr/can_v_usr_user_service.c,common\com.ext.lib.can.v.usr\can_v_usr_user_service.c
/code/src/SDK/HAL/communication/can/com.ext.lib.can.v.usr/can_v_usr_vars.c,common\com.ext.lib.can.v.usr\can_v_usr_vars.c
/code/src/SDK/HAL/communication/can/com.ext.lib.can.v.usr/can_v_usr_wake.c,common\com.ext.lib.can.v.usr\can_v_usr_wake.c
/code/src/SDK/HAL/communication/d2d/lib.d2d.code/d2dcreate,common\core\lib.d2d.code\d2dcreate
/code/src/SDK/HAL/communication/d2d/lib.d2d.code/d2d_code.gen,common\core\lib.d2d.code\d2d_code.gen
/code/src/SDK/HAL/communication/d2d/lib.d2d.code/d2d_gen.pl,common\core\lib.d2d.code\d2d_gen.pl
/code/src/SDK/HAL/communication/d2d/lib.d2d.code/full/d2d_code.asm,common\core\lib.d2d.code\full\d2d_code.asm
/code/src/SDK/HAL/communication/d2d/lib.d2d.code/full/d2d_code.h,common\core\lib.d2d.code\full\d2d_code.h
/code/src/SDK/HAL/communication/d2d/lib.d2d1_port/d2d1.h,common\core\lib.d2d1_port\d2d1.h
/code/src/SDK/HAL/communication/d2d/lib.d2d1_port/d2d1_init.c,common\core\lib.d2d1_port\d2d1_init.c
/code/src/SDK/HAL/communication/d2d/lib.d2d1_port/d2d1_init_reset.c,common\core\lib.d2d1_port\d2d1_init_reset.c
/code/src/SDK/HAL/communication/d2d/lib.d2d1_port/d2d1_irq_service.c,common\core\lib.d2d1_port\d2d1_irq_service.c
/code/src/SDK/HAL/communication/d2d/lib.d2d1_port/d2d1_msg_handler.c,common\core\lib.d2d1_port\d2d1_msg_handler.c
/code/src/SDK/HAL/communication/d2d/lib.d2d1_port/d2d1_port.c,common\core\lib.d2d1_port\d2d1_port.c
/code/src/SDK/HAL/communication/d2d/lib.d2d1_port/d2d1_private.h,common\core\lib.d2d1_port\d2d1_private.h
/code/src/SDK/HAL/communication/d2d/lib.d2d1_port/d2d1_reset.c,common\core\lib.d2d1_port\d2d1_reset.c
/code/src/SDK/HAL/communication/d2d/lib.d2d1_port/d2d1_vars.c,common\core\lib.d2d1_port\d2d1_vars.c
/code/src/SDK/HAL/communication/d2d/lib.d2d1_port/d2d1_wake.c,common\core\lib.d2d1_port\d2d1_wake.c
/code/src/SDK/HAL/communication/d2d/lib.d2d1_port/d2d_tx.c,common\core\lib.d2d1_port\d2d_tx.c
/code/src/SDK/HAL/communication/d2d/lib.d2d2_port/d2d2.h,common\core\lib.d2d2_port\d2d2.h
/code/src/SDK/HAL/communication/d2d/lib.d2d2_port/d2d2_init.c,common\core\lib.d2d2_port\d2d2_init.c
/code/src/SDK/HAL/communication/d2d/lib.d2d2_port/d2d2_irq_service.c,common\core\lib.d2d2_port\d2d2_irq_service.c
/code/src/SDK/HAL/communication/d2d/lib.d2d2_port/d2d2_msg_handler.c,common\core\lib.d2d2_port\d2d2_msg_handler.c
/code/src/SDK/HAL/communication/d2d/lib.d2d2_port/d2d2_port.c,common\core\lib.d2d2_port\d2d2_port.c
/code/src/SDK/HAL/communication/d2d/lib.d2d2_port/d2d2_private.h,common\core\lib.d2d2_port\d2d2_private.h
/code/src/SDK/HAL/communication/d2d/lib.d2d2_port/d2d2_reset.c,common\core\lib.d2d2_port\d2d2_reset.c
/code/src/SDK/HAL/communication/d2d/lib.d2d2_port/d2d2_vars.c,common\core\lib.d2d2_port\d2d2_vars.c
/code/src/SDK/HAL/communication/d2d/lib.d2d2_port/d2d2_wake.c,common\core\lib.d2d2_port\d2d2_wake.c
/code/src/SDK/HAL/communication/d2d/lib.d2d_switch/d2d_switch.c,common\core\lib.d2d_switch\d2d_switch.c
/code/src/SDK/HAL/communication/d2d/lib.d2d_switch/d2d_switch.h,common\core\lib.d2d_switch\d2d_switch.h
/code/src/SDK/HAL/communication/d2d/lib.d2d_switch/d2d_switch_handler.c,common\core\lib.d2d_switch\d2d_switch_handler.c
/code/src/SDK/HAL/communication/d2d/lib.d2d_switch/d2d_switch_init.c,common\core\lib.d2d_switch\d2d_switch_init.c
/code/src/SDK/HAL/communication/d2d/lib.d2d_switch/d2d_switch_port_rxtx_irq_ctrl.c,common\core\lib.d2d_switch\d2d_switch_port_rxtx_irq_ctrl.c
/code/src/SDK/HAL/communication/d2d/lib.d2d_switch/d2d_switch_port_tx.c,common\core\lib.d2d_switch\d2d_switch_port_tx.c
/code/src/SDK/HAL/communication/d2d/lib.d2d_switch/d2d_switch_private.h,common\core\lib.d2d_switch\d2d_switch_private.h
/code/src/SDK/HAL/communication/d2d/lib.d2d_switch/d2d_switch_task.c,common\core\lib.d2d_switch\d2d_switch_task.c
/code/src/SDK/HAL/communication/d2d/lib.d2d_switch/d2d_switch_vars.c,common\core\lib.d2d_switch\d2d_switch_vars.c
/code/src/SDK/HAL/communication/d2d/lib.d2d_valet/d2d_valet.c,common\core\lib.d2d_valet\d2d_valet.c
/code/src/SDK/HAL/communication/d2d/lib.d2d_valet/d2d_valet.h,common\core\lib.d2d_valet\d2d_valet.h
/code/src/SDK/HAL/communication/d2d/lib.d2d_valet/d2d_valet_init.c,common\core\lib.d2d_valet\d2d_valet_init.c
/code/src/SDK/HAL/communication/d2d/lib.d2d_valet/d2d_valet_init_reset.c,common\core\lib.d2d_valet\d2d_valet_init_reset.c
/code/src/SDK/HAL/communication/d2d/lib.d2d_valet/d2d_valet_irq_service.c,common\core\lib.d2d_valet\d2d_valet_irq_service.c
/code/src/SDK/HAL/communication/d2d/lib.d2d_valet/d2d_valet_msg_handler.c,common\core\lib.d2d_valet\d2d_valet_msg_handler.c
/code/src/SDK/HAL/communication/d2d/lib.d2d_valet/d2d_valet_private.h,common\core\lib.d2d_valet\d2d_valet_private.h
/code/src/SDK/HAL/communication/d2d/lib.d2d_valet/d2d_valet_reset.c,common\core\lib.d2d_valet\d2d_valet_reset.c
/code/src/SDK/HAL/communication/d2d/lib.d2d_valet/d2d_valet_vars.c,common\core\lib.d2d_valet\d2d_valet_vars.c
/code/src/SDK/HAL/communication/d2d/lib.d2d_valet/d2d_valet_wake.c,common\core\lib.d2d_valet\d2d_valet_wake.c
/code/src/SDK/HAL/communication/d2d/lib.intl_port/d2d.h,common\core\lib.intl_port\d2d.h
/code/src/SDK/HAL/communication/d2d/lib.intl_port/intl_port.c,common\core\lib.intl_port\intl_port.c
/code/src/SDK/HAL/communication/d2d/lib.intl_port/intl_port.h,common\core\lib.intl_port\intl_port.h
/code/src/SDK/HAL/communication/d2d/lib.intl_port/intl_port_handler.c,common\core\lib.intl_port\intl_port_handler.c
/code/src/SDK/HAL/communication/d2d/lib.intl_port/intl_port_private.h,common\core\lib.intl_port\intl_port_private.h
/code/src/SDK/HAL/communication/d2d/lib.intl_port/intl_port_vars.c,common\core\lib.intl_port\intl_port_vars.c
/code/src/SDK/HAL/communication/rf/lib.keeloq/keeloq.c,cmall\core\lib.keeloq\keeloq.c
/code/src/SDK/HAL/communication/rf/lib.keeloq/keeloq.h,cmall\core\lib.keeloq\keeloq.h
/code/src/SDK/HAL/communication/rf/lib.keeloq/keeloq_decrypt.c,cmall\core\lib.keeloq\keeloq_decrypt.c
/code/src/SDK/HAL/communication/rf/lib.keeloq/keeloq_encrypt.c,cmall\core\lib.keeloq\keeloq_encrypt.c
/code/src/SDK/HAL/communication/rf/lib.keeloq/keeloq_private.h,cmall\core\lib.keeloq\keeloq_private.h
/code/src/SDK/HAL/communication/rf/lib.keeloq/keeloq_vars.c,cmall\core\lib.keeloq\keeloq_vars.c
/code/src/SDK/HAL/communication/rf/lib.rf/rf.c,common\core\lib.rf\rf.c
/code/src/SDK/HAL/communication/rf/lib.rf/rf.h,common\core\lib.rf\rf.h
/code/src/SDK/HAL/communication/rf/lib.rf/rf_icon_clr.c,common\core\lib.rf\rf_icon_clr.c
/code/src/SDK/HAL/communication/rf/lib.rf/rf_icon_clr_all.c,common\core\lib.rf\rf_icon_clr_all.c
/code/src/SDK/HAL/communication/rf/lib.rf/rf_icon_set.c,common\core\lib.rf\rf_icon_set.c
/code/src/SDK/HAL/communication/rf/lib.rf/rf_init.c,common\core\lib.rf\rf_init.c
/code/src/SDK/HAL/communication/rf/lib.rf/rf_private.h,common\core\lib.rf\rf_private.h
/code/src/SDK/HAL/communication/rf/lib.rf/rf_sound_set.c,common\core\lib.rf\rf_sound_set.c
/code/src/SDK/HAL/communication/rf/lib.rf/rf_task.c,common\core\lib.rf\rf_task.c
/code/src/SDK/HAL/communication/rf/lib.rf/rf_update.c,common\core\lib.rf\rf_update.c
/code/src/SDK/HAL/communication/rf/lib.rf/rf_vars.c,common\core\lib.rf\rf_vars.c
/code/src/SDK/HAL/communication/rf/lib.rftd/rftd.c,common\core\lib.rftd\rftd.c
/code/src/SDK/HAL/communication/rf/lib.rftd/rftd.h,common\core\lib.rftd\rftd.h
/code/src/SDK/HAL/communication/rf/lib.rftd/rftd_private.h,common\core\lib.rftd\rftd_private.h
/code/src/SDK/HAL/communication/rf/lib.rftd/rftd_update.c,common\core\lib.rftd\rftd_update.c
/code/src/SDK/HAL/communication/rf/lib.rftd/rftd_vars.c,common\core\lib.rftd\rftd_vars.c
/code/src/SDK/HAL/communication/rf/lib.rftd2/rftd2.c,common\core\lib.rftd2\rftd2.c
/code/src/SDK/HAL/communication/rf/lib.rftd2/rftd2.h,common\core\lib.rftd2\rftd2.h
/code/src/SDK/HAL/communication/rf/lib.rftd2/rftd2_dtc_alert.c,common\core\lib.rftd2\rftd2_dtc_alert.c
/code/src/SDK/HAL/communication/rf/lib.rftd2/rftd2_init.c,common\core\lib.rftd2\rftd2_init.c
/code/src/SDK/HAL/communication/rf/lib.rftd2/rftd2_init_nvfs.c,common\core\lib.rftd2\rftd2_init_nvfs.c
/code/src/SDK/HAL/communication/rf/lib.rftd2/rftd2_init_reset.c,common\core\lib.rftd2\rftd2_init_reset.c
/code/src/SDK/HAL/communication/rf/lib.rftd2/rftd2_private.h,common\core\lib.rftd2\rftd2_private.h
/code/src/SDK/HAL/communication/rf/lib.rftd2/rftd2_reset.c,common\core\lib.rftd2\rftd2_reset.c
/code/src/SDK/HAL/communication/rf/lib.rftd2/rftd2_update.c,common\core\lib.rftd2\rftd2_update.c
/code/src/SDK/HAL/communication/rf/lib.rftd2/rftd2_update_support.c,common\core\lib.rftd2\rftd2_update_support.c
/code/src/SDK/HAL/communication/rf/lib.rftd2/rftd2_vars.c,common\core\lib.rftd2\rftd2_vars.c
/code/src/SDK/HAL/communication/rf/lib.rf_loop/rf_loop.c,common\core\lib.rf_loop\rf_loop.c
/code/src/SDK/HAL/communication/rf/lib.rf_loop/rf_loop.h,common\core\lib.rf_loop\rf_loop.h
/code/src/SDK/HAL/communication/rf/lib.rf_loop/rf_loop_init.c,common\core\lib.rf_loop\rf_loop_init.c
/code/src/SDK/HAL/communication/rf/lib.rf_loop/rf_loop_private.h,common\core\lib.rf_loop\rf_loop_private.h
/code/src/SDK/HAL/communication/rf/lib.rf_loop/rf_loop_pwr_clr.c,common\core\lib.rf_loop\rf_loop_pwr_clr.c
/code/src/SDK/HAL/communication/rf/lib.rf_loop/rf_loop_pwr_set.c,common\core\lib.rf_loop\rf_loop_pwr_set.c
/code/src/SDK/HAL/io/lib.idb/idb.c,common\core\lib.idb\idb.c
/code/src/SDK/HAL/io/lib.idb/idb.h,common\core\lib.idb\idb.h
/code/src/SDK/HAL/io/lib.idb/idb_create.c,common\core\lib.idb\idb_create.c
/code/src/SDK/HAL/io/lib.idb/idb_debounce.c,common\core\lib.idb\idb_debounce.c
/code/src/SDK/HAL/io/lib.idb/idb_get_level.c,common\core\lib.idb\idb_get_level.c
/code/src/SDK/HAL/io/lib.idb/idb_private.h,common\core\lib.idb\idb_private.h
/code/src/SDK/HAL/io/lib.idb/idb_set_level.c,common\core\lib.idb\idb_set_level.c
/code/src/SDK/HAL/io/lib.ied/ied.c,common\core\lib.ied\ied.c
/code/src/SDK/HAL/io/lib.ied/ied.h,common\core\lib.ied\ied.h
/code/src/SDK/HAL/io/lib.ied/ied_create.c,common\core\lib.ied\ied_create.c
/code/src/SDK/HAL/io/lib.ied/ied_detect.c,common\core\lib.ied\ied_detect.c
/code/src/SDK/HAL/io/lib.ied/ied_get_level.c,common\core\lib.ied\ied_get_level.c
/code/src/SDK/HAL/io/lib.ied/ied_private.h,common\core\lib.ied\ied_private.h
/code/src/SDK/HAL/io/lib.ied/ied_set_level.c,common\core\lib.ied\ied_set_level.c
/code/src/SDK/HAL/io/lib.led_usr/led_usr.c,common\core\lib.led_usr\led_usr.c
/code/src/SDK/HAL/io/lib.led_usr/led_usr.h,common\core\lib.led_usr\led_usr.h
/code/src/SDK/HAL/io/lib.led_usr/led_usr_private.h,common\core\lib.led_usr\led_usr_private.h
/code/src/SDK/HAL/os/scheduler/lib.per_exec/per_exec.c,common\core\lib.per_exec\per_exec.c
/code/src/SDK/HAL/os/scheduler/lib.per_exec/per_exec.h,common\core\lib.per_exec\per_exec.h
/code/src/SDK/HAL/os/scheduler/lib.per_exec/per_exec_critical_enter.c,common\core\lib.per_exec\per_exec_critical_enter.c
/code/src/SDK/HAL/os/scheduler/lib.per_exec/per_exec_critical_leave.c,common\core\lib.per_exec\per_exec_critical_leave.c
/code/src/SDK/HAL/os/scheduler/lib.per_exec/per_exec_init.c,common\core\lib.per_exec\per_exec_init.c
/code/src/SDK/HAL/os/scheduler/lib.per_exec/per_exec_private.h,common\core\lib.per_exec\per_exec_private.h
/code/src/SDK/HAL/os/scheduler/lib.per_exec/per_exec_register.c,common\core\lib.per_exec\per_exec_register.c
/code/src/SDK/HAL/os/scheduler/lib.per_exec/per_exec_tsk_func.c,common\core\lib.per_exec\per_exec_tsk_func.c
/code/src/SDK/HAL/os/scheduler/lib.per_exec/per_exec_vars.c,common\core\lib.per_exec\per_exec_vars.c
/code/src/SDK/HAL/os/scheduler/lib.reset/reset.c,common\core\lib.reset\reset.c
/code/src/SDK/HAL/os/scheduler/lib.reset/reset.h,common\core\lib.reset\reset.h
/code/src/SDK/HAL/os/scheduler/lib.reset/reset_delete_all_nvfs_vars.c,common\core\lib.reset\reset_delete_all_nvfs_vars.c
/code/src/SDK/HAL/os/scheduler/lib.reset/reset_long_register.c,common\core\lib.reset\reset_long_register.c
/code/src/SDK/HAL/os/scheduler/lib.reset/reset_long_service.c,common\core\lib.reset\reset_long_service.c
/code/src/SDK/HAL/os/scheduler/lib.reset/reset_private.h,common\core\lib.reset\reset_private.h
/code/src/SDK/HAL/os/scheduler/lib.reset/reset_process.c,common\core\lib.reset\reset_process.c
/code/src/SDK/HAL/os/scheduler/lib.reset/reset_register.c,common\core\lib.reset\reset_register.c
/code/src/SDK/HAL/os/scheduler/lib.reset/reset_service.c,common\core\lib.reset\reset_service.c
/code/src/SDK/HAL/os/scheduler/lib.reset/reset_vars.c,common\core\lib.reset\reset_vars.c
/code/src/SDK/HAL/os/scheduler/lib.run_safe/run_safe.c,common\core\lib.run_safe\run_safe.c
/code/src/SDK/HAL/os/scheduler/lib.run_safe/run_safe.h,common\core\lib.run_safe\run_safe.h
/code/src/SDK/HAL/os/scheduler/lib.run_safe/run_safe_activate.c,common\core\lib.run_safe\run_safe_activate.c
/code/src/SDK/HAL/os/scheduler/lib.run_safe/run_safe_breach_enter.c,common\core\lib.run_safe\run_safe_breach_enter.c
/code/src/SDK/HAL/os/scheduler/lib.run_safe/run_safe_breach_leave.c,common\core\lib.run_safe\run_safe_breach_leave.c
/code/src/SDK/HAL/os/scheduler/lib.run_safe/run_safe_deactivate.c,common\core\lib.run_safe\run_safe_deactivate.c
/code/src/SDK/HAL/os/scheduler/lib.run_safe/run_safe_gwr_off.c,common\core\lib.run_safe\run_safe_gwr_off.c
/code/src/SDK/HAL/os/scheduler/lib.run_safe/run_safe_gwr_on.c,common\core\lib.run_safe\run_safe_gwr_on.c
/code/src/SDK/HAL/os/scheduler/lib.run_safe/run_safe_init.c,common\core\lib.run_safe\run_safe_init.c
/code/src/SDK/HAL/os/scheduler/lib.run_safe/run_safe_is_active.c,common\core\lib.run_safe\run_safe_is_active.c
/code/src/SDK/HAL/os/scheduler/lib.run_safe/run_safe_private.h,common\core\lib.run_safe\run_safe_private.h
/code/src/SDK/HAL/os/scheduler/lib.run_safe/run_safe_shutdown.c,common\core\lib.run_safe\run_safe_shutdown.c
/code/src/SDK/HAL/os/scheduler/lib.run_safe/run_safe_timeout_elapsed.c,common\core\lib.run_safe\run_safe_timeout_elapsed.c
/code/src/SDK/HAL/os/scheduler/lib.run_safe/run_safe_vars.c,common\core\lib.run_safe\run_safe_vars.c
/code/src/SDK/HAL/power/wake/lib.wdog_v/wdog_v.c,common\core\lib.wdog_v\wdog_v.c
/code/src/SDK/HAL/power/wake/lib.wdog_v/wdog_v.h,common\core\lib.wdog_v\wdog_v.h
/code/src/SDK/HAL/power/wake/lib.wdog_v/wdog_v_add_watch.c,common\core\lib.wdog_v\wdog_v_add_watch.c
/code/src/SDK/HAL/power/wake/lib.wdog_v/wdog_v_force_reset.c,common\core\lib.wdog_v\wdog_v_force_reset.c
/code/src/SDK/HAL/power/wake/lib.wdog_v/wdog_v_init.c,common\core\lib.wdog_v\wdog_v_init.c
/code/src/SDK/HAL/power/wake/lib.wdog_v/wdog_v_kick_idle.c,common\core\lib.wdog_v\wdog_v_kick_idle.c
/code/src/SDK/HAL/power/wake/lib.wdog_v/wdog_v_private.h,common\core\lib.wdog_v\wdog_v_private.h
/code/src/SDK/HAL/power/wake/lib.wdog_v/wdog_v_register_preamble.c,common\core\lib.wdog_v\wdog_v_register_preamble.c
/code/src/SDK/HAL/power/wake/lib.wdog_v/wdog_v_register_queue_check.c,common\core\lib.wdog_v\wdog_v_register_queue_check.c
/code/src/SDK/HAL/power/wake/lib.wdog_v/wdog_v_release_watch.c,common\core\lib.wdog_v\wdog_v_release_watch.c
/code/src/SDK/HAL/power/wake/lib.wdog_v/wdog_v_task.c,common\core\lib.wdog_v\wdog_v_task.c
/code/src/SDK/HAL/power/wake/lib.wdog_v/wdog_v_tick.c,common\core\lib.wdog_v\wdog_v_tick.c
/code/src/SDK/HAL/power/wake/lib.wdog_v/wdog_v_vars.c,common\core\lib.wdog_v\wdog_v_vars.c
/code/src/SDK/HAL/power/wake/lib.wdog_v/wdog_v_wake_check.c,common\core\lib.wdog_v\wdog_v_wake_check.c
/code/src/SDK/HAL/security/lib.aes128/aes128.c,common\core\lib.aes128\aes128.c
/code/src/SDK/HAL/security/lib.aes128/aes128.h,common\core\lib.aes128\aes128.h
/code/src/SDK/HAL/security/lib.aid_dhp/aid_dhp.c,common\core\lib.aid_dhp\aid_dhp.c
/code/src/SDK/HAL/security/lib.aid_dhp/aid_dhp.h,common\core\lib.aid_dhp\aid_dhp.h
/code/src/SDK/HAL/security/lib.aid_dhp/aid_dhp_handler.c,common\core\lib.aid_dhp\aid_dhp_handler.c
/code/src/SDK/HAL/security/lib.aid_dhp/auth.c,common\core\lib.aid_dhp\auth.c
/code/src/SDK/HAL/security/lib.aid_dhp/dhp_math.c,common\core\lib.aid_dhp\dhp_math.c
/code/src/SDK/HAL/security/lib.aid_dhp/dhp_math.h,common\core\lib.aid_dhp\dhp_math.h
/code/src/SDK/HAL/security/lib.aid_dhp/sensor_sort.c,common\core\lib.aid_dhp\sensor_sort.c
/code/src/SDK/HAL/security/lib.aid_dhp/timestamp.c,common\core\lib.aid_dhp\timestamp.c
/code/src/SDK/HAL/security/lib.aid_dhp/timestamp.h,common\core\lib.aid_dhp\timestamp.h
/code/src/SDK/HAL/security/lib.secure.lock/secure_lock.c,common\core\lib.secure.lock\secure_lock.c
/code/src/SDK/HAL/security/lib.secure.lock/secure_lock.h,common\core\lib.secure.lock\secure_lock.h
/code/src/SDK/HAL/security/lib.secure.lock/secure_lock_gwr.c,common\core\lib.secure.lock\secure_lock_gwr.c
/code/src/SDK/HAL/security/lib.secure.lock/secure_lock_init.c,common\core\lib.secure.lock\secure_lock_init.c
/code/src/SDK/HAL/security/lib.secure.lock/secure_lock_lock.c,common\core\lib.secure.lock\secure_lock_lock.c
/code/src/SDK/HAL/security/lib.secure.lock/secure_lock_private.h,common\core\lib.secure.lock\secure_lock_private.h
/code/src/SDK/HAL/security/lib.secure.lock/secure_lock_rearm.c,common\core\lib.secure.lock\secure_lock_rearm.c
/code/src/SDK/HAL/security/lib.secure.lock/secure_lock_starter.c,common\core\lib.secure.lock\secure_lock_starter.c
/code/src/SDK/HAL/security/lib.secure.lock/secure_lock_vars.c,common\core\lib.secure.lock\secure_lock_vars.c
/code/src/SDK/HAL/storage/nvfs/lib.nvfs.usr/nvfs_usr.c,common\core\lib.nvfs.usr\nvfs_usr.c
/code/src/SDK/HAL/storage/nvfs/lib.nvfs.usr/nvfs_usr.h,common\core\lib.nvfs.usr\nvfs_usr.h
/code/src/SDK/HAL/storage/nvfs/lib.nvfs.usr/nvfs_usr_vars.c,common\core\lib.nvfs.usr\nvfs_usr_vars.c
/code/src/SDK/ENTRY/lib.main_1700/crt0.s,cmall\core\lib.main_1700\crt0.s
/code/src/SDK/ENTRY/lib.main_1700/main.c,cmall\core\lib.main_1700\main.c
/code/src/SDK/ENTRY/lib.main_1700/main_1700.c,cmall\core\lib.main_1700\main_1700.c
/code/src/SDK/ENTRY/lib.ngmm_task_main/ngmm_task_main.c,cmall\core\lib.ngmm_task_main\ngmm_task_main.c
/code/src/SDK/INC/cmall/core/inc.config_1700/config.h,cmall\core\inc.config_1700\config.h
/code/src/SDK/INC/cmall/core/inc.core_version/core_version.h,cmall\core\inc.core_version\core_version.h
/code/src/SDK/INC/cmall/core/inc.dummy/hw_adc.h,cmall\core\inc.dummy\hw_adc.h
/code/src/SDK/INC/cmall/core/inc.dummy/hw_dac.h,cmall\core\inc.dummy\hw_dac.h
/code/src/SDK/INC/cmall/core/inc.dummy/rxt.h,cmall\core\inc.dummy\rxt.h
/code/src/SDK/INC/cmall/core/inc.dummy/tach.h,cmall\core\inc.dummy\tach.h
/code/src/SDK/INC/cmall/core/inc.dummy/w2w.h,cmall\core\inc.dummy\w2w.h
/code/src/SDK/INC/common/core/inc.comm_core_version/comm_core_version.h,common\core\inc.comm_core_version\comm_core_version.h
/code/src/SDK/UNUSED/APP/features/dei/lib.dei.ask/dei_ask.h,cmall\core\lib.dei.ask\dei_ask.h
/code/src/SDK/UNUSED/APP/features/dei/lib.dei.ask/dei_ask_atomic_enter.c,cmall\core\lib.dei.ask\dei_ask_atomic_enter.c
/code/src/SDK/UNUSED/APP/features/dei/lib.dei.ask/dei_ask_atomic_leave.c,cmall\core\lib.dei.ask\dei_ask_atomic_leave.c
/code/src/SDK/UNUSED/APP/features/dei/lib.dei.ask/dei_ask_bit_time_set.c,cmall\core\lib.dei.ask\dei_ask_bit_time_set.c
/code/src/SDK/UNUSED/APP/features/dei/lib.dei.ask/dei_ask_check_frame_normal.c,cmall\core\lib.dei.ask\dei_ask_check_frame_normal.c
/code/src/SDK/UNUSED/APP/features/dei/lib.dei.ask/dei_ask_check_frame_programming.c,cmall\core\lib.dei.ask\dei_ask_check_frame_programming.c
/code/src/SDK/UNUSED/APP/features/dei/lib.dei.ask/dei_ask_database_delete.c,cmall\core\lib.dei.ask\dei_ask_database_delete.c
/code/src/SDK/UNUSED/APP/features/dei/lib.dei.ask/dei_ask_database_init.c,cmall\core\lib.dei.ask\dei_ask_database_init.c
/code/src/SDK/UNUSED/APP/features/dei/lib.dei.ask/dei_ask_database_save.c,cmall\core\lib.dei.ask\dei_ask_database_save.c
/code/src/SDK/UNUSED/APP/features/dei/lib.dei.ask/dei_ask_ext_init.c,cmall\core\lib.dei.ask\dei_ask_ext_init.c
/code/src/SDK/UNUSED/APP/features/dei/lib.dei.ask/dei_ask_fiq_mode_enter.c,cmall\core\lib.dei.ask\dei_ask_fiq_mode_enter.c
/code/src/SDK/UNUSED/APP/features/dei/lib.dei.ask/dei_ask_fiq_mode_leave.c,cmall\core\lib.dei.ask\dei_ask_fiq_mode_leave.c
/code/src/SDK/UNUSED/APP/features/dei/lib.dei.ask/dei_ask_handler_fiq.c,cmall\core\lib.dei.ask\dei_ask_handler_fiq.c
/code/src/SDK/UNUSED/APP/features/dei/lib.dei.ask/dei_ask_handler_irq.c,cmall\core\lib.dei.ask\dei_ask_handler_irq.c
/code/src/SDK/UNUSED/APP/features/dei/lib.dei.ask/dei_ask_handler_irq_user.c,cmall\core\lib.dei.ask\dei_ask_handler_irq_user.c
/code/src/SDK/UNUSED/APP/features/dei/lib.dei.ask/dei_ask_handler_wake.c,cmall\core\lib.dei.ask\dei_ask_handler_wake.c
/code/src/SDK/UNUSED/APP/features/dei/lib.dei.ask/dei_ask_handle_button_event.c,cmall\core\lib.dei.ask\dei_ask_handle_button_event.c
/code/src/SDK/UNUSED/APP/features/dei/lib.dei.ask/dei_ask_handle_frame_normal.c,cmall\core\lib.dei.ask\dei_ask_handle_frame_normal.c
/code/src/SDK/UNUSED/APP/features/dei/lib.dei.ask/dei_ask_handle_frame_programming.c,cmall\core\lib.dei.ask\dei_ask_handle_frame_programming.c
/code/src/SDK/UNUSED/APP/features/dei/lib.dei.ask/dei_ask_init.c,cmall\core\lib.dei.ask\dei_ask_init.c
/code/src/SDK/UNUSED/APP/features/dei/lib.dei.ask/dei_ask_notify_init.c,cmall\core\lib.dei.ask\dei_ask_notify_init.c
/code/src/SDK/UNUSED/APP/features/dei/lib.dei.ask/dei_ask_nvfs_init.c,cmall\core\lib.dei.ask\dei_ask_nvfs_init.c
/code/src/SDK/UNUSED/APP/features/dei/lib.dei.ask/dei_ask_prg_enter.c,cmall\core\lib.dei.ask\dei_ask_prg_enter.c
/code/src/SDK/UNUSED/APP/features/dei/lib.dei.ask/dei_ask_prg_leave.c,cmall\core\lib.dei.ask\dei_ask_prg_leave.c
/code/src/SDK/UNUSED/APP/features/dei/lib.dei.ask/dei_ask_private.h,cmall\core\lib.dei.ask\dei_ask_private.h
/code/src/SDK/UNUSED/APP/features/dei/lib.dei.ask/dei_ask_receive.c,cmall\core\lib.dei.ask\dei_ask_receive.c
/code/src/SDK/UNUSED/APP/features/dei/lib.dei.ask/dei_ask_state.c,cmall\core\lib.dei.ask\dei_ask_state.c
/code/src/SDK/UNUSED/APP/features/dei/lib.dei.ask/dei_ask_task.c,cmall\core\lib.dei.ask\dei_ask_task.c
/code/src/SDK/UNUSED/APP/features/dei/lib.dei.ask/dei_ask_trace_frame.c,cmall\core\lib.dei.ask\dei_ask_trace_frame.c
/code/src/SDK/UNUSED/APP/features/dei/lib.dei.ask/dei_ask_vars.c,cmall\core\lib.dei.ask\dei_ask_vars.c
/code/src/SDK/UNUSED/APP/features/dei/lib.dei.temp.irq/dei_temp.h,cmall\core\lib.dei.temp.irq\dei_temp.h
/code/src/SDK/UNUSED/APP/features/dei/lib.dei.temp.irq/dei_temp_cast.c,cmall\core\lib.dei.temp.irq\dei_temp_cast.c
/code/src/SDK/UNUSED/APP/features/dei/lib.dei.temp.irq/dei_temp_ext_disable.c,cmall\core\lib.dei.temp.irq\dei_temp_ext_disable.c
/code/src/SDK/UNUSED/APP/features/dei/lib.dei.temp.irq/dei_temp_ext_enable.c,cmall\core\lib.dei.temp.irq\dei_temp_ext_enable.c
/code/src/SDK/UNUSED/APP/features/dei/lib.dei.temp.irq/dei_temp_init.c,cmall\core\lib.dei.temp.irq\dei_temp_init.c
/code/src/SDK/UNUSED/APP/features/dei/lib.dei.temp.irq/dei_temp_private.h,cmall\core\lib.dei.temp.irq\dei_temp_private.h
/code/src/SDK/UNUSED/APP/features/dei/lib.dei.temp.irq/dei_temp_request.c,cmall\core\lib.dei.temp.irq\dei_temp_request.c
/code/src/SDK/UNUSED/APP/features/dei/lib.dei.temp.irq/dei_temp_rx_fiq.c,cmall\core\lib.dei.temp.irq\dei_temp_rx_fiq.c
/code/src/SDK/UNUSED/APP/features/dei/lib.dei.temp.irq/dei_temp_rx_irq.c,cmall\core\lib.dei.temp.irq\dei_temp_rx_irq.c
/code/src/SDK/UNUSED/APP/features/dei/lib.dei.temp.irq/dei_temp_tx_irq.c,cmall\core\lib.dei.temp.irq\dei_temp_tx_irq.c
/code/src/SDK/UNUSED/APP/features/dei/lib.dei.temp.irq/dei_temp_usr_irq.c,cmall\core\lib.dei.temp.irq\dei_temp_usr_irq.c
/code/src/SDK/UNUSED/APP/features/dei/lib.dei.temp.irq/dei_temp_vars.c,cmall\core\lib.dei.temp.irq\dei_temp_vars.c
/code/src/SDK/UNUSED/APP/features/dei/lib.dei.temp.irq/dei_temp_wake.c,cmall\core\lib.dei.temp.irq\dei_temp_wake.c
/code/src/SDK/UNUSED/APP/features/dei/lib.dei_feature/dei_feature.c,cmall\core\lib.dei_feature\dei_feature.c
/code/src/SDK/UNUSED/APP/features/dei/lib.dei_feature/dei_feature.h,cmall\core\lib.dei_feature\dei_feature.h
/code/src/SDK/UNUSED/APP/features/dei/lib.dei_feature/dei_feature_check.c,cmall\core\lib.dei_feature\dei_feature_check.c
/code/src/SDK/UNUSED/APP/features/dei/lib.dei_feature/dei_feature_get.c,cmall\core\lib.dei_feature\dei_feature_get.c
/code/src/SDK/UNUSED/APP/features/dei/lib.dei_feature/dei_feature_init.c,cmall\core\lib.dei_feature\dei_feature_init.c
/code/src/SDK/UNUSED/APP/features/dei/lib.dei_feature/dei_feature_private.h,cmall\core\lib.dei_feature\dei_feature_private.h
/code/src/SDK/UNUSED/APP/features/dei/lib.dei_feature/dei_feature_reset.c,cmall\core\lib.dei_feature\dei_feature_reset.c
/code/src/SDK/UNUSED/APP/features/dei/lib.dei_feature/dei_feature_save.c,cmall\core\lib.dei_feature\dei_feature_save.c
/code/src/SDK/UNUSED/APP/features/dei/lib.dei_feature/dei_feature_set.c,cmall\core\lib.dei_feature\dei_feature_set.c
/code/src/SDK/UNUSED/APP/features/dei/lib.dei_feature/dei_feature_vars.c,cmall\core\lib.dei_feature\dei_feature_vars.c
/code/src/SDK/UNUSED/APP/features/dei/lib.dei_feature/TEMPLATE/config_dei_feature.h,cmall\core\lib.dei_feature\TEMPLATE\config_dei_feature.h
/code/src/SDK/UNUSED/APP/features/dei/lib.dei_led/dei_led.h,cmall\core\lib.dei_led\dei_led.h
/code/src/SDK/UNUSED/APP/features/dei/lib.dei_led/dei_led_execute.c,cmall\core\lib.dei_led\dei_led_execute.c
/code/src/SDK/UNUSED/APP/features/dei/lib.dei_led/dei_led_flash.c,cmall\core\lib.dei_led\dei_led_flash.c
/code/src/SDK/UNUSED/APP/features/dei/lib.dei_led/dei_led_init.c,cmall\core\lib.dei_led\dei_led_init.c
/code/src/SDK/UNUSED/APP/features/dei/lib.dei_led/dei_led_private.h,cmall\core\lib.dei_led\dei_led_private.h
/code/src/SDK/UNUSED/APP/features/dei/lib.dei_led/dei_led_vars.c,cmall\core\lib.dei_led\dei_led_vars.c
/code/src/SDK/UNUSED/APP/features/dei/lib.dei_out/dei_out.h,cmall\core\lib.dei_out\dei_out.h
/code/src/SDK/UNUSED/APP/features/dei/lib.dei_out/dei_out_acc.c,cmall\core\lib.dei_out\dei_out_acc.c
/code/src/SDK/UNUSED/APP/features/dei/lib.dei_out/dei_out_aux1.c,cmall\core\lib.dei_out\dei_out_aux1.c
/code/src/SDK/UNUSED/APP/features/dei/lib.dei_out/dei_out_aux2.c,cmall\core\lib.dei_out\dei_out_aux2.c
/code/src/SDK/UNUSED/APP/features/dei/lib.dei_out/dei_out_aux3.c,cmall\core\lib.dei_out\dei_out_aux3.c
/code/src/SDK/UNUSED/APP/features/dei/lib.dei_out/dei_out_aux4.c,cmall\core\lib.dei_out\dei_out_aux4.c
/code/src/SDK/UNUSED/APP/features/dei/lib.dei_out/dei_out_domelight.c,cmall\core\lib.dei_out\dei_out_domelight.c
/code/src/SDK/UNUSED/APP/features/dei/lib.dei_out/dei_out_factory_alarm_arm.c,cmall\core\lib.dei_out\dei_out_factory_alarm_arm.c
/code/src/SDK/UNUSED/APP/features/dei/lib.dei_out/dei_out_factory_alarm_disarm.c,cmall\core\lib.dei_out\dei_out_factory_alarm_disarm.c
/code/src/SDK/UNUSED/APP/features/dei/lib.dei_out/dei_out_ground_when_arm.c,cmall\core\lib.dei_out\dei_out_ground_when_arm.c
/code/src/SDK/UNUSED/APP/features/dei/lib.dei_out/dei_out_ground_when_locked.c,cmall\core\lib.dei_out\dei_out_ground_when_locked.c
/code/src/SDK/UNUSED/APP/features/dei/lib.dei_out/dei_out_ground_when_running_5sec.c,cmall\core\lib.dei_out\dei_out_ground_when_running_5sec.c
/code/src/SDK/UNUSED/APP/features/dei/lib.dei_out/dei_out_ground_when_running_status.c,cmall\core\lib.dei_out\dei_out_ground_when_running_status.c
/code/src/SDK/UNUSED/APP/features/dei/lib.dei_out/dei_out_ground_when_triggered.c,cmall\core\lib.dei_out\dei_out_ground_when_triggered.c
/code/src/SDK/UNUSED/APP/features/dei/lib.dei_out/dei_out_horn.c,cmall\core\lib.dei_out\dei_out_horn.c
/code/src/SDK/UNUSED/APP/features/dei/lib.dei_out/dei_out_ign.c,cmall\core\lib.dei_out\dei_out_ign.c
/code/src/SDK/UNUSED/APP/features/dei/lib.dei_out/dei_out_init.c,cmall\core\lib.dei_out\dei_out_init.c
/code/src/SDK/UNUSED/APP/features/dei/lib.dei_out/dei_out_lock.c,cmall\core\lib.dei_out\dei_out_lock.c
/code/src/SDK/UNUSED/APP/features/dei/lib.dei_out/dei_out_parking_light.c,cmall\core\lib.dei_out\dei_out_parking_light.c
/code/src/SDK/UNUSED/APP/features/dei/lib.dei_out/dei_out_private.h,cmall\core\lib.dei_out\dei_out_private.h
/code/src/SDK/UNUSED/APP/features/dei/lib.dei_out/dei_out_pulse_after_ign_off.c,cmall\core\lib.dei_out\dei_out_pulse_after_ign_off.c
/code/src/SDK/UNUSED/APP/features/dei/lib.dei_out/dei_out_pulse_after_start.c,cmall\core\lib.dei_out\dei_out_pulse_after_start.c
/code/src/SDK/UNUSED/APP/features/dei/lib.dei_out/dei_out_pulse_before_start.c,cmall\core\lib.dei_out\dei_out_pulse_before_start.c
/code/src/SDK/UNUSED/APP/features/dei/lib.dei_out/dei_out_rear_defroster.c,cmall\core\lib.dei_out\dei_out_rear_defroster.c
/code/src/SDK/UNUSED/APP/features/dei/lib.dei_out/dei_out_second_unlock.c,cmall\core\lib.dei_out\dei_out_second_unlock.c
/code/src/SDK/UNUSED/APP/features/dei/lib.dei_out/dei_out_smartkey_control.c,cmall\core\lib.dei_out\dei_out_smartkey_control.c
/code/src/SDK/UNUSED/APP/features/dei/lib.dei_out/dei_out_start.c,cmall\core\lib.dei_out\dei_out_start.c
/code/src/SDK/UNUSED/APP/features/dei/lib.dei_out/dei_out_trunk_release.c,cmall\core\lib.dei_out\dei_out_trunk_release.c
/code/src/SDK/UNUSED/APP/features/dei/lib.dei_out/dei_out_unlock.c,cmall\core\lib.dei_out\dei_out_unlock.c
/code/src/SDK/UNUSED/APP/features/dei/lib.dei_out/dei_out_unlock_user2.c,cmall\core\lib.dei_out\dei_out_unlock_user2.c
/code/src/SDK/UNUSED/APP/features/dei/lib.dei_out/dei_out_vars.c,cmall\core\lib.dei_out\dei_out_vars.c
/code/src/SDK/UNUSED/APP/features/dei/lib.dei_prk/dei_prk.h,cmall\core\lib.dei_prk\dei_prk.h
/code/src/SDK/UNUSED/APP/features/dei/lib.dei_prk/dei_prk_flash.c,cmall\core\lib.dei_prk\dei_prk_flash.c
/code/src/SDK/UNUSED/APP/features/dei/lib.dei_prk/dei_prk_init.c,cmall\core\lib.dei_prk\dei_prk_init.c
/code/src/SDK/UNUSED/APP/features/dei/lib.dei_prk/dei_prk_offset.c,cmall\core\lib.dei_prk\dei_prk_offset.c
/code/src/SDK/UNUSED/APP/features/dei/lib.dei_prk/dei_prk_output.c,cmall\core\lib.dei_prk\dei_prk_output.c
/code/src/SDK/UNUSED/APP/features/dei/lib.dei_prk/dei_prk_private.h,cmall\core\lib.dei_prk\dei_prk_private.h
/code/src/SDK/UNUSED/APP/features/dei/lib.dei_prk/dei_prk_tmr.c,cmall\core\lib.dei_prk\dei_prk_tmr.c
/code/src/SDK/UNUSED/APP/features/dei/lib.dei_prk/dei_prk_tsk.c,cmall\core\lib.dei_prk\dei_prk_tsk.c
/code/src/SDK/UNUSED/APP/features/dei/lib.dei_prk/dei_prk_vars.c,cmall\core\lib.dei_prk\dei_prk_vars.c
/code/src/SDK/UNUSED/APP/features/dei/lib.dei_sc/dei_sc.h,cmall\core\lib.dei_sc\dei_sc.h
/code/src/SDK/UNUSED/APP/features/dei/lib.dei_sc/dei_sc_automatic_page_update.c,cmall\core\lib.dei_sc\dei_sc_automatic_page_update.c
/code/src/SDK/UNUSED/APP/features/dei/lib.dei_sc/dei_sc_check_frame_normal.c,cmall\core\lib.dei_sc\dei_sc_check_frame_normal.c
/code/src/SDK/UNUSED/APP/features/dei/lib.dei_sc/dei_sc_check_frame_programming.c,cmall\core\lib.dei_sc\dei_sc_check_frame_programming.c
/code/src/SDK/UNUSED/APP/features/dei/lib.dei_sc/dei_sc_delete.c,cmall\core\lib.dei_sc\dei_sc_delete.c
/code/src/SDK/UNUSED/APP/features/dei/lib.dei_sc/dei_sc_icon_aux2_type.c,cmall\core\lib.dei_sc\dei_sc_icon_aux2_type.c
/code/src/SDK/UNUSED/APP/features/dei/lib.dei_sc/dei_sc_icon_aux3_type.c,cmall\core\lib.dei_sc\dei_sc_icon_aux3_type.c
/code/src/SDK/UNUSED/APP/features/dei/lib.dei_sc/dei_sc_icon_aux4_type.c,cmall\core\lib.dei_sc\dei_sc_icon_aux4_type.c
/code/src/SDK/UNUSED/APP/features/dei/lib.dei_sc/dei_sc_icon_aux5_type.c,cmall\core\lib.dei_sc\dei_sc_icon_aux5_type.c
/code/src/SDK/UNUSED/APP/features/dei/lib.dei_sc/dei_sc_icon_aux_ch3_off.c,cmall\core\lib.dei_sc\dei_sc_icon_aux_ch3_off.c
/code/src/SDK/UNUSED/APP/features/dei/lib.dei_sc/dei_sc_icon_aux_ch3_on.c,cmall\core\lib.dei_sc\dei_sc_icon_aux_ch3_on.c
/code/src/SDK/UNUSED/APP/features/dei/lib.dei_sc/dei_sc_icon_aux_ch4_off.c,cmall\core\lib.dei_sc\dei_sc_icon_aux_ch4_off.c
/code/src/SDK/UNUSED/APP/features/dei/lib.dei_sc/dei_sc_icon_aux_ch4_on.c,cmall\core\lib.dei_sc\dei_sc_icon_aux_ch4_on.c
/code/src/SDK/UNUSED/APP/features/dei/lib.dei_sc/dei_sc_icon_aux_ch5_off.c,cmall\core\lib.dei_sc\dei_sc_icon_aux_ch5_off.c
/code/src/SDK/UNUSED/APP/features/dei/lib.dei_sc/dei_sc_icon_aux_ch5_on.c,cmall\core\lib.dei_sc\dei_sc_icon_aux_ch5_on.c
/code/src/SDK/UNUSED/APP/features/dei/lib.dei_sc/dei_sc_icon_aux_ch6_off.c,cmall\core\lib.dei_sc\dei_sc_icon_aux_ch6_off.c
/code/src/SDK/UNUSED/APP/features/dei/lib.dei_sc/dei_sc_icon_aux_ch6_on.c,cmall\core\lib.dei_sc\dei_sc_icon_aux_ch6_on.c
/code/src/SDK/UNUSED/APP/features/dei/lib.dei_sc/dei_sc_icon_car_finder.c,cmall\core\lib.dei_sc\dei_sc_icon_car_finder.c
/code/src/SDK/UNUSED/APP/features/dei/lib.dei_sc/dei_sc_icon_defogger_off.c,cmall\core\lib.dei_sc\dei_sc_icon_defogger_off.c
/code/src/SDK/UNUSED/APP/features/dei/lib.dei_sc/dei_sc_icon_defogger_on.c,cmall\core\lib.dei_sc\dei_sc_icon_defogger_on.c
/code/src/SDK/UNUSED/APP/features/dei/lib.dei_sc/dei_sc_icon_error.c,cmall\core\lib.dei_sc\dei_sc_icon_error.c
/code/src/SDK/UNUSED/APP/features/dei/lib.dei_sc/dei_sc_icon_full_silent_arm.c,cmall\core\lib.dei_sc\dei_sc_icon_full_silent_arm.c
/code/src/SDK/UNUSED/APP/features/dei/lib.dei_sc/dei_sc_icon_keyboard_unlock.c,cmall\core\lib.dei_sc\dei_sc_icon_keyboard_unlock.c
/code/src/SDK/UNUSED/APP/features/dei/lib.dei_sc/dei_sc_icon_lock.c,cmall\core\lib.dei_sc\dei_sc_icon_lock.c
/code/src/SDK/UNUSED/APP/features/dei/lib.dei_sc/dei_sc_icon_lock_active_zone_report.c,cmall\core\lib.dei_sc\dei_sc_icon_lock_active_zone_report.c
/code/src/SDK/UNUSED/APP/features/dei/lib.dei_sc/dei_sc_icon_mts_disable.c,cmall\core\lib.dei_sc\dei_sc_icon_mts_disable.c
/code/src/SDK/UNUSED/APP/features/dei/lib.dei_sc/dei_sc_icon_mts_enable.c,cmall\core\lib.dei_sc\dei_sc_icon_mts_enable.c
/code/src/SDK/UNUSED/APP/features/dei/lib.dei_sc/dei_sc_icon_panic.c,cmall\core\lib.dei_sc\dei_sc_icon_panic.c
/code/src/SDK/UNUSED/APP/features/dei/lib.dei_sc/dei_sc_icon_programming_enter.c,cmall\core\lib.dei_sc\dei_sc_icon_programming_enter.c
/code/src/SDK/UNUSED/APP/features/dei/lib.dei_sc/dei_sc_icon_programming_leave.c,cmall\core\lib.dei_sc\dei_sc_icon_programming_leave.c
/code/src/SDK/UNUSED/APP/features/dei/lib.dei_sc/dei_sc_icon_range_check.c,cmall\core\lib.dei_sc\dei_sc_icon_range_check.c
/code/src/SDK/UNUSED/APP/features/dei/lib.dei_sc/dei_sc_icon_runtime_check.c,cmall\core\lib.dei_sc\dei_sc_icon_runtime_check.c
/code/src/SDK/UNUSED/APP/features/dei/lib.dei_sc/dei_sc_icon_runtime_low_alert.c,cmall\core\lib.dei_sc\dei_sc_icon_runtime_low_alert.c
/code/src/SDK/UNUSED/APP/features/dei/lib.dei_sc/dei_sc_icon_runtime_programmed.c,cmall\core\lib.dei_sc\dei_sc_icon_runtime_programmed.c
/code/src/SDK/UNUSED/APP/features/dei/lib.dei_sc/dei_sc_icon_runtime_remaining.c,cmall\core\lib.dei_sc\dei_sc_icon_runtime_remaining.c
/code/src/SDK/UNUSED/APP/features/dei/lib.dei_sc/dei_sc_icon_runtime_reset.c,cmall\core\lib.dei_sc\dei_sc_icon_runtime_reset.c
/code/src/SDK/UNUSED/APP/features/dei/lib.dei_sc/dei_sc_icon_sensor1_adjust.c,cmall\core\lib.dei_sc\dei_sc_icon_sensor1_adjust.c
/code/src/SDK/UNUSED/APP/features/dei/lib.dei_sc/dei_sc_icon_sensor1_type.c,cmall\core\lib.dei_sc\dei_sc_icon_sensor1_type.c
/code/src/SDK/UNUSED/APP/features/dei/lib.dei_sc/dei_sc_icon_sensor2_type.c,cmall\core\lib.dei_sc\dei_sc_icon_sensor2_type.c
/code/src/SDK/UNUSED/APP/features/dei/lib.dei_sc/dei_sc_icon_sensor3_type.c,cmall\core\lib.dei_sc\dei_sc_icon_sensor3_type.c
/code/src/SDK/UNUSED/APP/features/dei/lib.dei_sc/dei_sc_icon_sensor_bypass_full.c,cmall\core\lib.dei_sc\dei_sc_icon_sensor_bypass_full.c
/code/src/SDK/UNUSED/APP/features/dei/lib.dei_sc/dei_sc_icon_sensor_bypass_off.c,cmall\core\lib.dei_sc\dei_sc_icon_sensor_bypass_off.c
/code/src/SDK/UNUSED/APP/features/dei/lib.dei_sc/dei_sc_icon_sensor_bypass_opt.c,cmall\core\lib.dei_sc\dei_sc_icon_sensor_bypass_opt.c
/code/src/SDK/UNUSED/APP/features/dei/lib.dei_sc/dei_sc_icon_sensor_bypass_shock.c,cmall\core\lib.dei_sc\dei_sc_icon_sensor_bypass_shock.c
/code/src/SDK/UNUSED/APP/features/dei/lib.dei_sc/dei_sc_icon_sensor_bypass_warning.c,cmall\core\lib.dei_sc\dei_sc_icon_sensor_bypass_warning.c
/code/src/SDK/UNUSED/APP/features/dei/lib.dei_sc/dei_sc_icon_sensor_silent_arm.c,cmall\core\lib.dei_sc\dei_sc_icon_sensor_silent_arm.c
/code/src/SDK/UNUSED/APP/features/dei/lib.dei_sc/dei_sc_icon_smart_mode_off.c,cmall\core\lib.dei_sc\dei_sc_icon_smart_mode_off.c
/code/src/SDK/UNUSED/APP/features/dei/lib.dei_sc/dei_sc_icon_smart_mode_on.c,cmall\core\lib.dei_sc\dei_sc_icon_smart_mode_on.c
/code/src/SDK/UNUSED/APP/features/dei/lib.dei_sc/dei_sc_icon_smart_mode_temp_adjust_enter.c,cmall\core\lib.dei_sc\dei_sc_icon_smart_mode_temp_adjust_enter.c
/code/src/SDK/UNUSED/APP/features/dei/lib.dei_sc/dei_sc_icon_smart_mode_temp_adjust_high.c,cmall\core\lib.dei_sc\dei_sc_icon_smart_mode_temp_adjust_high.c
/code/src/SDK/UNUSED/APP/features/dei/lib.dei_sc/dei_sc_icon_smart_mode_temp_adjust_low.c,cmall\core\lib.dei_sc\dei_sc_icon_smart_mode_temp_adjust_low.c
/code/src/SDK/UNUSED/APP/features/dei/lib.dei_sc/dei_sc_icon_start.c,cmall\core\lib.dei_sc\dei_sc_icon_start.c
/code/src/SDK/UNUSED/APP/features/dei/lib.dei_sc/dei_sc_icon_stop.c,cmall\core\lib.dei_sc\dei_sc_icon_stop.c
/code/src/SDK/UNUSED/APP/features/dei/lib.dei_sc/dei_sc_icon_temp.c,cmall\core\lib.dei_sc\dei_sc_icon_temp.c
/code/src/SDK/UNUSED/APP/features/dei/lib.dei_sc/dei_sc_icon_timer_mode_adjust_count.c,cmall\core\lib.dei_sc\dei_sc_icon_timer_mode_adjust_count.c
/code/src/SDK/UNUSED/APP/features/dei/lib.dei_sc/dei_sc_icon_timer_mode_adjust_enter.c,cmall\core\lib.dei_sc\dei_sc_icon_timer_mode_adjust_enter.c
/code/src/SDK/UNUSED/APP/features/dei/lib.dei_sc/dei_sc_icon_timer_mode_adjust_time.c,cmall\core\lib.dei_sc\dei_sc_icon_timer_mode_adjust_time.c
/code/src/SDK/UNUSED/APP/features/dei/lib.dei_sc/dei_sc_icon_timer_mode_off.c,cmall\core\lib.dei_sc\dei_sc_icon_timer_mode_off.c
/code/src/SDK/UNUSED/APP/features/dei/lib.dei_sc/dei_sc_icon_timer_mode_on.c,cmall\core\lib.dei_sc\dei_sc_icon_timer_mode_on.c
/code/src/SDK/UNUSED/APP/features/dei/lib.dei_sc/dei_sc_icon_trigger.c,cmall\core\lib.dei_sc\dei_sc_icon_trigger.c
/code/src/SDK/UNUSED/APP/features/dei/lib.dei_sc/dei_sc_icon_trigger_zone_report.c,cmall\core\lib.dei_sc\dei_sc_icon_trigger_zone_report.c
/code/src/SDK/UNUSED/APP/features/dei/lib.dei_sc/dei_sc_icon_trunk_release_off.c,cmall\core\lib.dei_sc\dei_sc_icon_trunk_release_off.c
/code/src/SDK/UNUSED/APP/features/dei/lib.dei_sc/dei_sc_icon_trunk_release_on.c,cmall\core\lib.dei_sc\dei_sc_icon_trunk_release_on.c
/code/src/SDK/UNUSED/APP/features/dei/lib.dei_sc/dei_sc_icon_unlock.c,cmall\core\lib.dei_sc\dei_sc_icon_unlock.c
/code/src/SDK/UNUSED/APP/features/dei/lib.dei_sc/dei_sc_icon_unlock_trigger_zone_report.c,cmall\core\lib.dei_sc\dei_sc_icon_unlock_trigger_zone_report.c
/code/src/SDK/UNUSED/APP/features/dei/lib.dei_sc/dei_sc_icon_update_page.c,cmall\core\lib.dei_sc\dei_sc_icon_update_page.c
/code/src/SDK/UNUSED/APP/features/dei/lib.dei_sc/dei_sc_icon_valet_off.c,cmall\core\lib.dei_sc\dei_sc_icon_valet_off.c
/code/src/SDK/UNUSED/APP/features/dei/lib.dei_sc/dei_sc_icon_valet_on.c,cmall\core\lib.dei_sc\dei_sc_icon_valet_on.c
/code/src/SDK/UNUSED/APP/features/dei/lib.dei_sc/dei_sc_icon_warning.c,cmall\core\lib.dei_sc\dei_sc_icon_warning.c
/code/src/SDK/UNUSED/APP/features/dei/lib.dei_sc/dei_sc_info.c,cmall\core\lib.dei_sc\dei_sc_info.c
/code/src/SDK/UNUSED/APP/features/dei/lib.dei_sc/dei_sc_init.c,cmall\core\lib.dei_sc\dei_sc_init.c
/code/src/SDK/UNUSED/APP/features/dei/lib.dei_sc/dei_sc_init_nvfs.c,cmall\core\lib.dei_sc\dei_sc_init_nvfs.c
/code/src/SDK/UNUSED/APP/features/dei/lib.dei_sc/dei_sc_notify_init.c,cmall\core\lib.dei_sc\dei_sc_notify_init.c
/code/src/SDK/UNUSED/APP/features/dei/lib.dei_sc/dei_sc_payload_build.c,cmall\core\lib.dei_sc\dei_sc_payload_build.c
/code/src/SDK/UNUSED/APP/features/dei/lib.dei_sc/dei_sc_private.h,cmall\core\lib.dei_sc\dei_sc_private.h
/code/src/SDK/UNUSED/APP/features/dei/lib.dei_sc/dei_sc_rx_tsk.c,cmall\core\lib.dei_sc\dei_sc_rx_tsk.c
/code/src/SDK/UNUSED/APP/features/dei/lib.dei_sc/dei_sc_save_nvfs.c,cmall\core\lib.dei_sc\dei_sc_save_nvfs.c
/code/src/SDK/UNUSED/APP/features/dei/lib.dei_sc/dei_sc_set_mode.c,cmall\core\lib.dei_sc\dei_sc_set_mode.c
/code/src/SDK/UNUSED/APP/features/dei/lib.dei_sc/dei_sc_tx.c,cmall\core\lib.dei_sc\dei_sc_tx.c
/code/src/SDK/UNUSED/APP/features/dei/lib.dei_sc/dei_sc_tx_flush.c,cmall\core\lib.dei_sc\dei_sc_tx_flush.c
/code/src/SDK/UNUSED/APP/features/dei/lib.dei_sc/dei_sc_tx_tsk.c,cmall\core\lib.dei_sc\dei_sc_tx_tsk.c
/code/src/SDK/UNUSED/APP/features/dei/lib.dei_sc/dei_sc_vars.c,cmall\core\lib.dei_sc\dei_sc_vars.c
/code/src/SDK/UNUSED/APP/features/dei/lib.dei_siren/dei_siren.h,cmall\core\lib.dei_siren\dei_siren.h
/code/src/SDK/UNUSED/APP/features/dei/lib.dei_siren/dei_siren_chirp.c,cmall\core\lib.dei_siren\dei_siren_chirp.c
/code/src/SDK/UNUSED/APP/features/dei/lib.dei_siren/dei_siren_control.c,cmall\core\lib.dei_siren\dei_siren_control.c
/code/src/SDK/UNUSED/APP/features/dei/lib.dei_siren/dei_siren_init.c,cmall\core\lib.dei_siren\dei_siren_init.c
/code/src/SDK/UNUSED/APP/features/dei/lib.dei_siren/dei_siren_private.h,cmall\core\lib.dei_siren\dei_siren_private.h
/code/src/SDK/UNUSED/APP/features/dei/lib.dei_siren/dei_siren_vars.c,cmall\core\lib.dei_siren\dei_siren_vars.c
/code/src/SDK/UNUSED/APP/features/dei/lib.dei_system/dei_system.h,cmall\core\lib.dei_system\dei_system.h
/code/src/SDK/UNUSED/APP/features/dei/lib.dei_system/dei_system_common_events.c,cmall\core\lib.dei_system\dei_system_common_events.c
/code/src/SDK/UNUSED/APP/features/dei/lib.dei_system/dei_system_common_init.c,cmall\core\lib.dei_system\dei_system_common_init.c
/code/src/SDK/UNUSED/APP/features/dei/lib.dei_system/dei_system_hybrid_init.c,cmall\core\lib.dei_system\dei_system_hybrid_init.c
/code/src/SDK/UNUSED/APP/features/dei/lib.dei_system/dei_system_ign_dome.c,cmall\core\lib.dei_system\dei_system_ign_dome.c
/code/src/SDK/UNUSED/APP/features/dei/lib.dei_system/dei_system_ign_lock.c,cmall\core\lib.dei_system\dei_system_ign_lock.c
/code/src/SDK/UNUSED/APP/features/dei/lib.dei_system/dei_system_ign_stat.c,cmall\core\lib.dei_system\dei_system_ign_stat.c
/code/src/SDK/UNUSED/APP/features/dei/lib.dei_system/dei_system_init.c,cmall\core\lib.dei_system\dei_system_init.c
/code/src/SDK/UNUSED/APP/features/dei/lib.dei_system/dei_system_oem_lock.c,cmall\core\lib.dei_system\dei_system_oem_lock.c
/code/src/SDK/UNUSED/APP/features/dei/lib.dei_system/dei_system_oem_unlock.c,cmall\core\lib.dei_system\dei_system_oem_unlock.c
/code/src/SDK/UNUSED/APP/features/dei/lib.dei_system/dei_system_pre_init.c,cmall\core\lib.dei_system\dei_system_pre_init.c
/code/src/SDK/UNUSED/APP/features/dei/lib.dei_system/dei_system_prg.c,cmall\core\lib.dei_system\dei_system_prg.c
/code/src/SDK/UNUSED/APP/features/dei/lib.dei_system/dei_system_private.h,cmall\core\lib.dei_system\dei_system_private.h
/code/src/SDK/UNUSED/APP/features/dei/lib.dei_system/dei_system_rf_1btn.c,cmall\core\lib.dei_system\dei_system_rf_1btn.c
/code/src/SDK/UNUSED/APP/features/dei/lib.dei_system/dei_system_rf_car_finder.c,cmall\core\lib.dei_system\dei_system_rf_car_finder.c
/code/src/SDK/UNUSED/APP/features/dei/lib.dei_system/dei_system_rf_ch3.c,cmall\core\lib.dei_system\dei_system_rf_ch3.c
/code/src/SDK/UNUSED/APP/features/dei/lib.dei_system/dei_system_rf_ch4.c,cmall\core\lib.dei_system\dei_system_rf_ch4.c
/code/src/SDK/UNUSED/APP/features/dei/lib.dei_system/dei_system_rf_ch5.c,cmall\core\lib.dei_system\dei_system_rf_ch5.c
/code/src/SDK/UNUSED/APP/features/dei/lib.dei_system/dei_system_rf_ch6.c,cmall\core\lib.dei_system\dei_system_rf_ch6.c
/code/src/SDK/UNUSED/APP/features/dei/lib.dei_system/dei_system_rf_error.c,cmall\core\lib.dei_system\dei_system_rf_error.c
/code/src/SDK/UNUSED/APP/features/dei/lib.dei_system/dei_system_rf_keyboard_unlock.c,cmall\core\lib.dei_system\dei_system_rf_keyboard_unlock.c
/code/src/SDK/UNUSED/APP/features/dei/lib.dei_system/dei_system_rf_lock.c,cmall\core\lib.dei_system\dei_system_rf_lock.c
/code/src/SDK/UNUSED/APP/features/dei/lib.dei_system/dei_system_rf_panic.c,cmall\core\lib.dei_system\dei_system_rf_panic.c
/code/src/SDK/UNUSED/APP/features/dei/lib.dei_system/dei_system_rf_range_check.c,cmall\core\lib.dei_system\dei_system_rf_range_check.c
/code/src/SDK/UNUSED/APP/features/dei/lib.dei_system/dei_system_rf_temp.c,cmall\core\lib.dei_system\dei_system_rf_temp.c
/code/src/SDK/UNUSED/APP/features/dei/lib.dei_system/dei_system_rf_trunk.c,cmall\core\lib.dei_system\dei_system_rf_trunk.c
/code/src/SDK/UNUSED/APP/features/dei/lib.dei_system/dei_system_rf_unlock.c,cmall\core\lib.dei_system\dei_system_rf_unlock.c
/code/src/SDK/UNUSED/APP/features/dei/lib.dei_system/dei_system_rs_init.c,cmall\core\lib.dei_system\dei_system_rs_init.c
/code/src/SDK/UNUSED/APP/features/dei/lib.dei_system/dei_system_sense_init.c,cmall\core\lib.dei_system\dei_system_sense_init.c
/code/src/SDK/UNUSED/APP/features/dei/lib.dei_system/dei_system_smart_start_init.c,cmall\core\lib.dei_system\dei_system_smart_start_init.c
/code/src/SDK/UNUSED/APP/features/dei/lib.dei_system/dei_system_ss_init.c,cmall\core\lib.dei_system\dei_system_ss_init.c
/code/src/SDK/UNUSED/APP/features/dei/lib.dei_system/dei_system_vars.c,cmall\core\lib.dei_system\dei_system_vars.c
/code/src/SDK/UNUSED/APP/features/falcon/core/lib.flc.led.usr/led_usr.c,falcon\core\core\lib.flc.led.usr\led_usr.c
/code/src/SDK/UNUSED/APP/features/falcon/core/lib.flc.led.usr/led_usr.h,falcon\core\core\lib.flc.led.usr\led_usr.h
/code/src/SDK/UNUSED/APP/features/falcon/core/lib.flc.led.usr/led_usr_private.h,falcon\core\core\lib.flc.led.usr\led_usr_private.h
/code/src/SDK/UNUSED/APP/features/falcon/core/lib.flc.obd_can/template/config_obd_can.h,falcon\core\core\lib.flc.obd_can\template\config_obd_can.h
/code/src/SDK/UNUSED/APP/features/ngmm/lib.ngmm_feature/TEMPLATE/config_ngmm_feature.h,cmall\core\lib.ngmm_feature\TEMPLATE\config_ngmm_feature.h
/code/src/SDK/UNUSED/APP/framework/lib.sys/sys.c,common\core\lib.sys\sys.c
/code/src/SDK/UNUSED/APP/framework/lib.sys/sys.h,common\core\lib.sys\sys.h
/code/src/SDK/UNUSED/APP/framework/lib.sys/sys_idle_func.c,common\core\lib.sys\sys_idle_func.c
/code/src/SDK/UNUSED/APP/framework/lib.sys/sys_init.c,common\core\lib.sys\sys_init.c
/code/src/SDK/UNUSED/APP/framework/lib.sys/sys_private.h,common\core\lib.sys\sys_private.h
/code/src/SDK/UNUSED/APP/framework/lib.sys/sys_timer_init.c,common\core\lib.sys\sys_timer_init.c
/code/src/SDK/UNUSED/APP/framework/lib.sys/sys_timer_register.c,common\core\lib.sys\sys_timer_register.c
/code/src/SDK/UNUSED/APP/framework/lib.sys/sys_timer_service.c,common\core\lib.sys\sys_timer_service.c
/code/src/SDK/UNUSED/APP/framework/lib.sys/sys_timer_vars.c,common\core\lib.sys\sys_timer_vars.c
/code/src/SDK/UNUSED/APP/framework/lib.sys/sys_wake.c,common\core\lib.sys\sys_wake.c
/code/src/SDK/UNUSED/APP/services/control/lib.pts_ctl/template/config_pts_ctl.h,common\core\lib.pts_ctl\template\config_pts_ctl.h
/code/src/SDK/UNUSED/APP/services/trace/lib.trace/dbg.h,cmall\core\lib.trace\dbg.h
/code/src/SDK/UNUSED/APP/services/trace/lib.trace/dbg_init.c,cmall\core\lib.trace\dbg_init.c
/code/src/SDK/UNUSED/APP/services/trace/lib.trace/trace.c,cmall\core\lib.trace\trace.c
/code/src/SDK/UNUSED/APP/services/trace/lib.trace/trace.h,cmall\core\lib.trace\trace.h
/code/src/SDK/UNUSED/APP/services/trace/lib.trace/trace_init.c,cmall\core\lib.trace\trace_init.c
/code/src/SDK/UNUSED/APP/services/trace/lib.trace/trace_mem_error.c,cmall\core\lib.trace\trace_mem_error.c
/code/src/SDK/UNUSED/APP/services/trace/lib.trace/trace_print.c,cmall\core\lib.trace\trace_print.c
/code/src/SDK/UNUSED/APP/services/trace/lib.trace/trace_print_os_status.c,cmall\core\lib.trace\trace_print_os_status.c
/code/src/SDK/UNUSED/APP/services/trace/lib.trace/trace_private.h,cmall\core\lib.trace\trace_private.h
/code/src/SDK/UNUSED/APP/services/trace/lib.trace/trace_rx.c,cmall\core\lib.trace\trace_rx.c
/code/src/SDK/UNUSED/APP/services/trace/lib.trace/trace_tsk.c,cmall\core\lib.trace\trace_tsk.c
/code/src/SDK/UNUSED/APP/services/trace/lib.trace/trace_tx.c,cmall\core\lib.trace\trace_tx.c
/code/src/SDK/UNUSED/APP/services/trace/lib.trace/trace_vars.c,cmall\core\lib.trace\trace_vars.c
/code/src/SDK/UNUSED/APP/utilities/lib.eips/Doc/Flow Chart.vsd,common\core\lib.eips\Doc\Flow Chart.vsd
/code/src/SDK/UNUSED/APP/vehicle/diagnostics/com.ext.lib.obd_can/template/config_obd_can.h,common\com.ext.lib.obd_can\template\config_obd_can.h
/code/src/SDK/UNUSED/APP/vehicle/programming/lib.prog/prog.c,common\core\lib.prog\prog.c
/code/src/SDK/UNUSED/APP/vehicle/programming/lib.prog/prog.h,common\core\lib.prog\prog.h
/code/src/SDK/UNUSED/APP/vehicle/programming/lib.prog/prog_dis.c,common\core\lib.prog\prog_dis.c
/code/src/SDK/UNUSED/APP/vehicle/programming/lib.prog/prog_ena.c,common\core\lib.prog\prog_ena.c
/code/src/SDK/UNUSED/APP/vehicle/programming/lib.prog/prog_err_add.c,common\core\lib.prog\prog_err_add.c
/code/src/SDK/UNUSED/APP/vehicle/programming/lib.prog/prog_err_save.c,common\core\lib.prog\prog_err_save.c
/code/src/SDK/UNUSED/APP/vehicle/programming/lib.prog/prog_feat_table_read.c,common\core\lib.prog\prog_feat_table_read.c
/code/src/SDK/UNUSED/APP/vehicle/programming/lib.prog/prog_feat_table_write.c,common\core\lib.prog\prog_feat_table_write.c
/code/src/SDK/UNUSED/APP/vehicle/programming/lib.prog/prog_init.c,common\core\lib.prog\prog_init.c
/code/src/SDK/UNUSED/APP/vehicle/programming/lib.prog/prog_init_nvfs.c,common\core\lib.prog\prog_init_nvfs.c
/code/src/SDK/UNUSED/APP/vehicle/programming/lib.prog/prog_init_reset.c,common\core\lib.prog\prog_init_reset.c
/code/src/SDK/UNUSED/APP/vehicle/programming/lib.prog/prog_input_process.c,common\core\lib.prog\prog_input_process.c
/code/src/SDK/UNUSED/APP/vehicle/programming/lib.prog/prog_private.h,common\core\lib.prog\prog_private.h
/code/src/SDK/UNUSED/APP/vehicle/programming/lib.prog/prog_private_defines.h,common\core\lib.prog\prog_private_defines.h
/code/src/SDK/UNUSED/APP/vehicle/programming/lib.prog/prog_reset.c,common\core\lib.prog\prog_reset.c
/code/src/SDK/UNUSED/APP/vehicle/programming/lib.prog/prog_retrieve_option.c,common\core\lib.prog\prog_retrieve_option.c
/code/src/SDK/UNUSED/APP/vehicle/programming/lib.prog/prog_set_exit_callback.c,common\core\lib.prog\prog_set_exit_callback.c
/code/src/SDK/UNUSED/APP/vehicle/programming/lib.prog/prog_set_option.c,common\core\lib.prog\prog_set_option.c
/code/src/SDK/UNUSED/APP/vehicle/programming/lib.prog/prog_task.c,common\core\lib.prog\prog_task.c
/code/src/SDK/UNUSED/APP/vehicle/programming/lib.prog/prog_vars.c,common\core\lib.prog\prog_vars.c
/code/src/SDK/UNUSED/APP/vehicle/programming/lib.prog_hy_canada/prog.c,common\core\lib.prog_hy_canada\prog.c
/code/src/SDK/UNUSED/APP/vehicle/programming/lib.prog_hy_canada/prog.h,common\core\lib.prog_hy_canada\prog.h
/code/src/SDK/UNUSED/APP/vehicle/programming/lib.prog_hy_canada/prog_dis.c,common\core\lib.prog_hy_canada\prog_dis.c
/code/src/SDK/UNUSED/APP/vehicle/programming/lib.prog_hy_canada/prog_ena.c,common\core\lib.prog_hy_canada\prog_ena.c
/code/src/SDK/UNUSED/APP/vehicle/programming/lib.prog_hy_canada/prog_err_add.c,common\core\lib.prog_hy_canada\prog_err_add.c
/code/src/SDK/UNUSED/APP/vehicle/programming/lib.prog_hy_canada/prog_err_save.c,common\core\lib.prog_hy_canada\prog_err_save.c
/code/src/SDK/UNUSED/APP/vehicle/programming/lib.prog_hy_canada/prog_feat_table_read.c,common\core\lib.prog_hy_canada\prog_feat_table_read.c
/code/src/SDK/UNUSED/APP/vehicle/programming/lib.prog_hy_canada/prog_feat_table_write.c,common\core\lib.prog_hy_canada\prog_feat_table_write.c
/code/src/SDK/UNUSED/APP/vehicle/programming/lib.prog_hy_canada/prog_init.c,common\core\lib.prog_hy_canada\prog_init.c
/code/src/SDK/UNUSED/APP/vehicle/programming/lib.prog_hy_canada/prog_init_nvfs.c,common\core\lib.prog_hy_canada\prog_init_nvfs.c
/code/src/SDK/UNUSED/APP/vehicle/programming/lib.prog_hy_canada/prog_init_reset.c,common\core\lib.prog_hy_canada\prog_init_reset.c
/code/src/SDK/UNUSED/APP/vehicle/programming/lib.prog_hy_canada/prog_input_process.c,common\core\lib.prog_hy_canada\prog_input_process.c
/code/src/SDK/UNUSED/APP/vehicle/programming/lib.prog_hy_canada/prog_private.h,common\core\lib.prog_hy_canada\prog_private.h
/code/src/SDK/UNUSED/APP/vehicle/programming/lib.prog_hy_canada/prog_private_defines.h,common\core\lib.prog_hy_canada\prog_private_defines.h
/code/src/SDK/UNUSED/APP/vehicle/programming/lib.prog_hy_canada/prog_reset.c,common\core\lib.prog_hy_canada\prog_reset.c
/code/src/SDK/UNUSED/APP/vehicle/programming/lib.prog_hy_canada/prog_retrieve_option.c,common\core\lib.prog_hy_canada\prog_retrieve_option.c
/code/src/SDK/UNUSED/APP/vehicle/programming/lib.prog_hy_canada/prog_set_exit_callback.c,common\core\lib.prog_hy_canada\prog_set_exit_callback.c
/code/src/SDK/UNUSED/APP/vehicle/programming/lib.prog_hy_canada/prog_set_option.c,common\core\lib.prog_hy_canada\prog_set_option.c
/code/src/SDK/UNUSED/APP/vehicle/programming/lib.prog_hy_canada/prog_task.c,common\core\lib.prog_hy_canada\prog_task.c
/code/src/SDK/UNUSED/APP/vehicle/programming/lib.prog_hy_canada/prog_vars.c,common\core\lib.prog_hy_canada\prog_vars.c
/code/src/SDK/UNUSED/APP/vehicle/programming/lib.prog_hy_canada/read_me.txt.txt,common\core\lib.prog_hy_canada\read_me.txt.txt
/code/src/SDK/UNUSED/APP/vehicle/security/lib.fob_ctrl/fob_ctrl.c,cmall\core\lib.fob_ctrl\fob_ctrl.c
/code/src/SDK/UNUSED/APP/vehicle/security/lib.fob_ctrl/fob_ctrl.h,cmall\core\lib.fob_ctrl\fob_ctrl.h
/code/src/SDK/UNUSED/APP/vehicle/security/lib.fob_ctrl/fob_ctrl_callback.c,cmall\core\lib.fob_ctrl\fob_ctrl_callback.c
/code/src/SDK/UNUSED/APP/vehicle/security/lib.fob_ctrl/fob_ctrl_get_tbp.c,cmall\core\lib.fob_ctrl\fob_ctrl_get_tbp.c
/code/src/SDK/UNUSED/APP/vehicle/security/lib.fob_ctrl/fob_ctrl_init.c,cmall\core\lib.fob_ctrl\fob_ctrl_init.c
/code/src/SDK/UNUSED/APP/vehicle/security/lib.fob_ctrl/fob_ctrl_is_enable.c,cmall\core\lib.fob_ctrl\fob_ctrl_is_enable.c
/code/src/SDK/UNUSED/APP/vehicle/security/lib.fob_ctrl/fob_ctrl_lock.c,cmall\core\lib.fob_ctrl\fob_ctrl_lock.c
/code/src/SDK/UNUSED/APP/vehicle/security/lib.fob_ctrl/fob_ctrl_nvfs_init.c,cmall\core\lib.fob_ctrl\fob_ctrl_nvfs_init.c
/code/src/SDK/UNUSED/APP/vehicle/security/lib.fob_ctrl/fob_ctrl_nvfs_reset.c,cmall\core\lib.fob_ctrl\fob_ctrl_nvfs_reset.c
/code/src/SDK/UNUSED/APP/vehicle/security/lib.fob_ctrl/fob_ctrl_private.h,cmall\core\lib.fob_ctrl\fob_ctrl_private.h
/code/src/SDK/UNUSED/APP/vehicle/security/lib.fob_ctrl/fob_ctrl_reset.c,cmall\core\lib.fob_ctrl\fob_ctrl_reset.c
/code/src/SDK/UNUSED/APP/vehicle/security/lib.fob_ctrl/fob_ctrl_reset_init.c,cmall\core\lib.fob_ctrl\fob_ctrl_reset_init.c
/code/src/SDK/UNUSED/APP/vehicle/security/lib.fob_ctrl/fob_ctrl_tbp_expired.c,cmall\core\lib.fob_ctrl\fob_ctrl_tbp_expired.c
/code/src/SDK/UNUSED/APP/vehicle/security/lib.fob_ctrl/fob_ctrl_tbp_start.c,cmall\core\lib.fob_ctrl\fob_ctrl_tbp_start.c
/code/src/SDK/UNUSED/APP/vehicle/security/lib.fob_ctrl/fob_ctrl_tbp_stop.c,cmall\core\lib.fob_ctrl\fob_ctrl_tbp_stop.c
/code/src/SDK/UNUSED/APP/vehicle/security/lib.fob_ctrl/fob_ctrl_vars.c,cmall\core\lib.fob_ctrl\fob_ctrl_vars.c
/code/src/SDK/UNUSED/BSP/peripherals/flash/lib.iap/iap.c,common\core\lib.iap\iap.c
/code/src/SDK/UNUSED/BSP/peripherals/flash/lib.iap/iap.h,common\core\lib.iap\iap.h
/code/src/SDK/UNUSED/BSP/peripherals/flash/lib.iap/iap_execute.c,common\core\lib.iap\iap_execute.c
/code/src/SDK/UNUSED/BSP/peripherals/flash/lib.iap/iap_private.h,common\core\lib.iap\iap_private.h
/code/src/SDK/UNUSED/BSP/peripherals/flash/lib.iap/iap_rd_boot_code_ver.c,common\core\lib.iap\iap_rd_boot_code_ver.c
/code/src/SDK/UNUSED/BSP/peripherals/flash/lib.iap/iap_rd_device_rd.c,common\core\lib.iap\iap_rd_device_rd.c
/code/src/SDK/UNUSED/BSP/peripherals/flash/lib.iap/iap_sector_erase.c,common\core\lib.iap\iap_sector_erase.c
/code/src/SDK/UNUSED/BSP/peripherals/flash/lib.iap/iap_sector_map_addr.c,common\core\lib.iap\iap_sector_map_addr.c
/code/src/SDK/UNUSED/BSP/peripherals/flash/lib.iap/iap_sector_prepare.c,common\core\lib.iap\iap_sector_prepare.c
/code/src/SDK/UNUSED/BSP/peripherals/flash/lib.iap/iap_sector_write.c,common\core\lib.iap\iap_sector_write.c
/code/src/SDK/UNUSED/BSP/peripherals/flash/lib.iap/iap_vars.c,common\core\lib.iap\iap_vars.c
/code/src/SDK/UNUSED/BSP/peripherals/flash/lib.iap_1700/iap.c,common\core\lib.iap_1700\iap.c
/code/src/SDK/UNUSED/BSP/peripherals/flash/lib.iap_1700/iap.h,common\core\lib.iap_1700\iap.h
/code/src/SDK/UNUSED/BSP/peripherals/flash/lib.iap_1700/iap_execute.c,common\core\lib.iap_1700\iap_execute.c
/code/src/SDK/UNUSED/BSP/peripherals/flash/lib.iap_1700/iap_private.h,common\core\lib.iap_1700\iap_private.h
/code/src/SDK/UNUSED/BSP/peripherals/flash/lib.iap_1700/iap_rd_boot_code_ver.c,common\core\lib.iap_1700\iap_rd_boot_code_ver.c
/code/src/SDK/UNUSED/BSP/peripherals/flash/lib.iap_1700/iap_rd_device_id.c,common\core\lib.iap_1700\iap_rd_device_id.c
/code/src/SDK/UNUSED/BSP/peripherals/flash/lib.iap_1700/iap_rd_device_sernum.c,common\core\lib.iap_1700\iap_rd_device_sernum.c
/code/src/SDK/UNUSED/BSP/peripherals/flash/lib.iap_1700/iap_sector_erase.c,common\core\lib.iap_1700\iap_sector_erase.c
/code/src/SDK/UNUSED/BSP/peripherals/flash/lib.iap_1700/iap_sector_map_addr.c,common\core\lib.iap_1700\iap_sector_map_addr.c
/code/src/SDK/UNUSED/BSP/peripherals/flash/lib.iap_1700/iap_sector_prepare.c,common\core\lib.iap_1700\iap_sector_prepare.c
/code/src/SDK/UNUSED/BSP/peripherals/flash/lib.iap_1700/iap_sector_write.c,common\core\lib.iap_1700\iap_sector_write.c
/code/src/SDK/UNUSED/BSP/peripherals/flash/lib.iap_1700/iap_vars.c,common\core\lib.iap_1700\iap_vars.c
/code/src/SDK/UNUSED/BSP/peripherals/gpio/lib.800_gpio_1700/TEMPLATE/config_933_gpio.h,cmall\core\lib.800_gpio_1700\TEMPLATE\config_933_gpio.h
/code/src/SDK/UNUSED/BSP/peripherals/interrupts/lib.irq.usr/irq_user.c,common\core\lib.irq.usr\irq_user.c
/code/src/SDK/UNUSED/BSP/peripherals/interrupts/lib.irq.usr/irq_user.h,common\core\lib.irq.usr\irq_user.h
/code/src/SDK/UNUSED/BSP/peripherals/interrupts/lib.irq.usr/irq_user_init.c,common\core\lib.irq.usr\irq_user_init.c
/code/src/SDK/UNUSED/BSP/peripherals/interrupts/lib.irq.usr/irq_user_private.h,common\core\lib.irq.usr\irq_user_private.h
/code/src/SDK/UNUSED/BSP/peripherals/interrupts/lib.irq.usr/irq_user_reg_func.c,common\core\lib.irq.usr\irq_user_reg_func.c
/code/src/SDK/UNUSED/BSP/peripherals/interrupts/lib.irq.usr/irq_user_reg_func_arg.c,common\core\lib.irq.usr\irq_user_reg_func_arg.c
/code/src/SDK/UNUSED/BSP/peripherals/interrupts/lib.irq.usr/irq_user_service_vector.c,common\core\lib.irq.usr\irq_user_service_vector.c
/code/src/SDK/UNUSED/BSP/peripherals/interrupts/lib.irq.usr/irq_user_vars.c,common\core\lib.irq.usr\irq_user_vars.c
/code/src/SDK/UNUSED/BSP/peripherals/interrupts/lib.isr/isr.h,common\core\lib.isr\isr.h
/code/src/SDK/UNUSED/BSP/peripherals/interrupts/lib.isr/isr_handler.c,common\core\lib.isr\isr_handler.c
/code/src/SDK/UNUSED/HAL/communication/d2d/lib.d2d/d2d.c,common\core\lib.d2d\d2d.c
/code/src/SDK/UNUSED/HAL/communication/d2d/lib.d2d/d2d.h,common\core\lib.d2d\d2d.h
/code/src/SDK/UNUSED/HAL/communication/d2d/lib.d2d/d2d_code_dis.c,common\core\lib.d2d\d2d_code_dis.c
/code/src/SDK/UNUSED/HAL/communication/d2d/lib.d2d/d2d_code_ena.c,common\core\lib.d2d\d2d_code_ena.c
/code/src/SDK/UNUSED/HAL/communication/d2d/lib.d2d/d2d_convert.c,common\core\lib.d2d\d2d_convert.c
/code/src/SDK/UNUSED/HAL/communication/d2d/lib.d2d/d2d_err_add.c,common\core\lib.d2d\d2d_err_add.c
/code/src/SDK/UNUSED/HAL/communication/d2d/lib.d2d/d2d_err_save.c,common\core\lib.d2d\d2d_err_save.c
/code/src/SDK/UNUSED/HAL/communication/d2d/lib.d2d/d2d_exception_func.c,common\core\lib.d2d\d2d_exception_func.c
/code/src/SDK/UNUSED/HAL/communication/d2d/lib.d2d/d2d_get_ena.c,common\core\lib.d2d\d2d_get_ena.c
/code/src/SDK/UNUSED/HAL/communication/d2d/lib.d2d/d2d_get_mask.c,common\core\lib.d2d\d2d_get_mask.c
/code/src/SDK/UNUSED/HAL/communication/d2d/lib.d2d/d2d_init.c,common\core\lib.d2d\d2d_init.c
/code/src/SDK/UNUSED/HAL/communication/d2d/lib.d2d/d2d_init_nvfs.c,common\core\lib.d2d\d2d_init_nvfs.c
/code/src/SDK/UNUSED/HAL/communication/d2d/lib.d2d/d2d_init_reset.c,common\core\lib.d2d\d2d_init_reset.c
/code/src/SDK/UNUSED/HAL/communication/d2d/lib.d2d/d2d_irq_service_vector.c,common\core\lib.d2d\d2d_irq_service_vector.c
/code/src/SDK/UNUSED/HAL/communication/d2d/lib.d2d/d2d_lut_insert.c,common\core\lib.d2d\d2d_lut_insert.c
/code/src/SDK/UNUSED/HAL/communication/d2d/lib.d2d/d2d_lut_remove.c,common\core\lib.d2d\d2d_lut_remove.c
/code/src/SDK/UNUSED/HAL/communication/d2d/lib.d2d/d2d_lut_search.c,common\core\lib.d2d\d2d_lut_search.c
/code/src/SDK/UNUSED/HAL/communication/d2d/lib.d2d/d2d_lut_service.c,common\core\lib.d2d\d2d_lut_service.c
/code/src/SDK/UNUSED/HAL/communication/d2d/lib.d2d/d2d_private.h,common\core\lib.d2d\d2d_private.h
/code/src/SDK/UNUSED/HAL/communication/d2d/lib.d2d/d2d_reply.c,common\core\lib.d2d\d2d_reply.c
/code/src/SDK/UNUSED/HAL/communication/d2d/lib.d2d/d2d_reset.c,common\core\lib.d2d\d2d_reset.c
/code/src/SDK/UNUSED/HAL/communication/d2d/lib.d2d/d2d_rx.c,common\core\lib.d2d\d2d_rx.c
/code/src/SDK/UNUSED/HAL/communication/d2d/lib.d2d/d2d_task.c,common\core\lib.d2d\d2d_task.c
/code/src/SDK/UNUSED/HAL/communication/d2d/lib.d2d/d2d_tx.c,common\core\lib.d2d\d2d_tx.c
/code/src/SDK/UNUSED/HAL/communication/d2d/lib.d2d/d2d_vars.c,common\core\lib.d2d\d2d_vars.c
/code/src/SDK/UNUSED/HAL/communication/d2d/lib.d2d/d2d_wake.c,common\core\lib.d2d\d2d_wake.c
/code/src/SDK/UNUSED/HAL/communication/d2d/lib.d2d.code/stripped/d2d_code.asm,common\core\lib.d2d.code\stripped\d2d_code.asm
/code/src/SDK/UNUSED/HAL/communication/d2d/lib.d2d.code/stripped/d2d_code.h,common\core\lib.d2d.code\stripped\d2d_code.h
/code/src/SDK/UNUSED/HAL/communication/d2d/lib.d2d3p_port/d2d3p.h,common\core\lib.d2d3p_port\d2d3p.h
/code/src/SDK/UNUSED/HAL/communication/d2d/lib.d2d3p_port/d2d3p_init.c,common\core\lib.d2d3p_port\d2d3p_init.c
/code/src/SDK/UNUSED/HAL/communication/d2d/lib.d2d3p_port/d2d3p_irq_service.c,common\core\lib.d2d3p_port\d2d3p_irq_service.c
/code/src/SDK/UNUSED/HAL/communication/d2d/lib.d2d3p_port/d2d3p_msg_handler.c,common\core\lib.d2d3p_port\d2d3p_msg_handler.c
/code/src/SDK/UNUSED/HAL/communication/d2d/lib.d2d3p_port/d2d3p_port.c,common\core\lib.d2d3p_port\d2d3p_port.c
/code/src/SDK/UNUSED/HAL/communication/d2d/lib.d2d3p_port/d2d3p_private.h,common\core\lib.d2d3p_port\d2d3p_private.h
/code/src/SDK/UNUSED/HAL/communication/d2d/lib.d2d3p_port/d2d3p_vars.c,common\core\lib.d2d3p_port\d2d3p_vars.c
/code/src/SDK/UNUSED/HAL/communication/d2d/lib.d2d3p_port/d2d3p_wake.c,common\core\lib.d2d3p_port\d2d3p_wake.c
/code/src/SDK/UNUSED/HAL/communication/rf/lib.dei.rf.irq/dei_rf.h,cmall\core\lib.dei.rf.irq\dei_rf.h
/code/src/SDK/UNUSED/HAL/communication/rf/lib.dei.rf.irq/dei_rf_antenna_type.c,cmall\core\lib.dei.rf.irq\dei_rf_antenna_type.c
/code/src/SDK/UNUSED/HAL/communication/rf/lib.dei.rf.irq/dei_rf_init.c,cmall\core\lib.dei.rf.irq\dei_rf_init.c
/code/src/SDK/UNUSED/HAL/communication/rf/lib.dei.rf.irq/dei_rf_irq.c,cmall\core\lib.dei.rf.irq\dei_rf_irq.c
/code/src/SDK/UNUSED/HAL/communication/rf/lib.dei.rf.irq/dei_rf_mode.c,cmall\core\lib.dei.rf.irq\dei_rf_mode.c
/code/src/SDK/UNUSED/HAL/communication/rf/lib.dei.rf.irq/dei_rf_private.h,cmall\core\lib.dei.rf.irq\dei_rf_private.h
/code/src/SDK/UNUSED/HAL/communication/rf/lib.dei.rf.irq/dei_rf_rx.c,cmall\core\lib.dei.rf.irq\dei_rf_rx.c
/code/src/SDK/UNUSED/HAL/communication/rf/lib.dei.rf.irq/dei_rf_rx_irq.c,cmall\core\lib.dei.rf.irq\dei_rf_rx_irq.c
/code/src/SDK/UNUSED/HAL/communication/rf/lib.dei.rf.irq/dei_rf_rx_state.c,cmall\core\lib.dei.rf.irq\dei_rf_rx_state.c
/code/src/SDK/UNUSED/HAL/communication/rf/lib.dei.rf.irq/dei_rf_set_id.c,cmall\core\lib.dei.rf.irq\dei_rf_set_id.c
/code/src/SDK/UNUSED/HAL/communication/rf/lib.dei.rf.irq/dei_rf_tx.c,cmall\core\lib.dei.rf.irq\dei_rf_tx.c
/code/src/SDK/UNUSED/HAL/communication/rf/lib.dei.rf.irq/dei_rf_tx_irq.c,cmall\core\lib.dei.rf.irq\dei_rf_tx_irq.c
/code/src/SDK/UNUSED/HAL/communication/rf/lib.dei.rf.irq/dei_rf_tx_state.c,cmall\core\lib.dei.rf.irq\dei_rf_tx_state.c
/code/src/SDK/UNUSED/HAL/communication/rf/lib.dei.rf.irq/dei_rf_vars.c,cmall\core\lib.dei.rf.irq\dei_rf_vars.c
/code/src/SDK/UNUSED/HAL/communication/rf/lib.dei.rf.irq/dei_rf_wake.c,cmall\core\lib.dei.rf.irq\dei_rf_wake.c
/code/src/SDK/UNUSED/HAL/communication/rf/lib.dei.rf1.irq/dei_rf1.h,cmall\core\lib.dei.rf1.irq\dei_rf1.h
/code/src/SDK/UNUSED/HAL/communication/rf/lib.dei.rf1.irq/dei_rf1_ext_disable.c,cmall\core\lib.dei.rf1.irq\dei_rf1_ext_disable.c
/code/src/SDK/UNUSED/HAL/communication/rf/lib.dei.rf1.irq/dei_rf1_ext_enable.c,cmall\core\lib.dei.rf1.irq\dei_rf1_ext_enable.c
/code/src/SDK/UNUSED/HAL/communication/rf/lib.dei.rf1.irq/dei_rf1_ext_status.c,cmall\core\lib.dei.rf1.irq\dei_rf1_ext_status.c
/code/src/SDK/UNUSED/HAL/communication/rf/lib.dei.rf1.irq/dei_rf1_init.c,cmall\core\lib.dei.rf1.irq\dei_rf1_init.c
/code/src/SDK/UNUSED/HAL/communication/rf/lib.dei.rf1.irq/dei_rf1_notify.c,cmall\core\lib.dei.rf1.irq\dei_rf1_notify.c
/code/src/SDK/UNUSED/HAL/communication/rf/lib.dei.rf1.irq/dei_rf1_notify_init.c,cmall\core\lib.dei.rf1.irq\dei_rf1_notify_init.c
/code/src/SDK/UNUSED/HAL/communication/rf/lib.dei.rf1.irq/dei_rf1_nvfs_init.c,cmall\core\lib.dei.rf1.irq\dei_rf1_nvfs_init.c
/code/src/SDK/UNUSED/HAL/communication/rf/lib.dei.rf1.irq/dei_rf1_private.h,cmall\core\lib.dei.rf1.irq\dei_rf1_private.h
/code/src/SDK/UNUSED/HAL/communication/rf/lib.dei.rf1.irq/dei_rf1_rx_bit.c,cmall\core\lib.dei.rf1.irq\dei_rf1_rx_bit.c
/code/src/SDK/UNUSED/HAL/communication/rf/lib.dei.rf1.irq/dei_rf1_rx_hhu_add.c,cmall\core\lib.dei.rf1.irq\dei_rf1_rx_hhu_add.c
/code/src/SDK/UNUSED/HAL/communication/rf/lib.dei.rf1.irq/dei_rf1_rx_hhu_check.c,cmall\core\lib.dei.rf1.irq\dei_rf1_rx_hhu_check.c
/code/src/SDK/UNUSED/HAL/communication/rf/lib.dei.rf1.irq/dei_rf1_rx_irq.c,cmall\core\lib.dei.rf1.irq\dei_rf1_rx_irq.c
/code/src/SDK/UNUSED/HAL/communication/rf/lib.dei.rf1.irq/dei_rf1_tx_frame.c,cmall\core\lib.dei.rf1.irq\dei_rf1_tx_frame.c
/code/src/SDK/UNUSED/HAL/communication/rf/lib.dei.rf1.irq/dei_rf1_tx_irq.c,cmall\core\lib.dei.rf1.irq\dei_rf1_tx_irq.c
/code/src/SDK/UNUSED/HAL/communication/rf/lib.dei.rf1.irq/dei_rf1_usr_irq.c,cmall\core\lib.dei.rf1.irq\dei_rf1_usr_irq.c
/code/src/SDK/UNUSED/HAL/communication/rf/lib.dei.rf1.irq/dei_rf1_vars.c,cmall\core\lib.dei.rf1.irq\dei_rf1_vars.c
/code/src/SDK/UNUSED/HAL/communication/rf/lib.rf_v2/rf.c,common\core\lib.rf_v2\rf.c
/code/src/SDK/UNUSED/HAL/communication/rf/lib.rf_v2/rf.h,common\core\lib.rf_v2\rf.h
/code/src/SDK/UNUSED/HAL/communication/rf/lib.rf_v2/rf_dbg_print.c,common\core\lib.rf_v2\rf_dbg_print.c
/code/src/SDK/UNUSED/HAL/communication/rf/lib.rf_v2/rf_icon_clr.c,common\core\lib.rf_v2\rf_icon_clr.c
/code/src/SDK/UNUSED/HAL/communication/rf/lib.rf_v2/rf_icon_clr_all.c,common\core\lib.rf_v2\rf_icon_clr_all.c
/code/src/SDK/UNUSED/HAL/communication/rf/lib.rf_v2/rf_icon_set.c,common\core\lib.rf_v2\rf_icon_set.c
/code/src/SDK/UNUSED/HAL/communication/rf/lib.rf_v2/rf_init.c,common\core\lib.rf_v2\rf_init.c
/code/src/SDK/UNUSED/HAL/communication/rf/lib.rf_v2/rf_private.h,common\core\lib.rf_v2\rf_private.h
/code/src/SDK/UNUSED/HAL/communication/rf/lib.rf_v2/rf_sound_set.c,common\core\lib.rf_v2\rf_sound_set.c
/code/src/SDK/UNUSED/HAL/communication/rf/lib.rf_v2/rf_task.c,common\core\lib.rf_v2\rf_task.c
/code/src/SDK/UNUSED/HAL/communication/rf/lib.rf_v2/rf_update.c,common\core\lib.rf_v2\rf_update.c
/code/src/SDK/UNUSED/HAL/communication/rf/lib.rf_v2/rf_vars.c,common\core\lib.rf_v2\rf_vars.c
/code/src/SDK/UNUSED/HAL/os/scheduler/lib.os/os.h,common\core\lib.os\os.h
/code/src/SDK/UNUSED/HAL/os/scheduler/lib.os/os_elig.c,common\core\lib.os\os_elig.c
/code/src/SDK/UNUSED/HAL/os/scheduler/lib.os/os_evt.c,common\core\lib.os\os_evt.c
/code/src/SDK/UNUSED/HAL/os/scheduler/lib.os/os_flg.c,common\core\lib.os\os_flg.c
/code/src/SDK/UNUSED/HAL/os/scheduler/lib.os/os_gte.c,common\core\lib.os\os_gte.c
/code/src/SDK/UNUSED/HAL/os/scheduler/lib.os/os_irq.c,common\core\lib.os\os_irq.c
/code/src/SDK/UNUSED/HAL/os/scheduler/lib.os/os_kern.c,common\core\lib.os\os_kern.c
/code/src/SDK/UNUSED/HAL/os/scheduler/lib.os/os_mbx.c,common\core\lib.os\os_mbx.c
/code/src/SDK/UNUSED/HAL/os/scheduler/lib.os/os_msg.c,common\core\lib.os\os_msg.c
/code/src/SDK/UNUSED/HAL/os/scheduler/lib.os/os_pip.c,common\core\lib.os\os_pip.c
/code/src/SDK/UNUSED/HAL/os/scheduler/lib.os/os_private.h,common\core\lib.os\os_private.h
/code/src/SDK/UNUSED/HAL/os/scheduler/lib.os/os_pte.c,common\core\lib.os\os_pte.c
/code/src/SDK/UNUSED/HAL/os/scheduler/lib.os/os_queue.c,common\core\lib.os\os_queue.c
/code/src/SDK/UNUSED/HAL/os/scheduler/lib.os/os_res.c,common\core\lib.os\os_res.c
/code/src/SDK/UNUSED/HAL/os/scheduler/lib.os/os_stk.c,common\core\lib.os\os_stk.c
/code/src/SDK/UNUSED/HAL/os/scheduler/lib.os/os_swi.c,common\core\lib.os\os_swi.c
/code/src/SDK/UNUSED/HAL/os/scheduler/lib.os/os_tfr.c,common\core\lib.os\os_tfr.c
/code/src/SDK/UNUSED/HAL/os/scheduler/lib.os/os_timeout.c,common\core\lib.os\os_timeout.c
/code/src/SDK/UNUSED/HAL/os/scheduler/lib.os/os_timer.c,common\core\lib.os\os_timer.c
/code/src/SDK/UNUSED/HAL/os/scheduler/lib.os/os_tsk.c,common\core\lib.os\os_tsk.c
/code/src/SDK/UNUSED/HAL/os/scheduler/lib.os/os_vars.c,common\core\lib.os\os_vars.c
/code/src/SDK/UNUSED/HAL/os/scheduler/lib.os.machine/os_info.h,common\core\lib.os.machine\os_info.h
/code/src/SDK/UNUSED/HAL/os/scheduler/lib.os.machine/os_machine.h,common\core\lib.os.machine\os_machine.h
/code/src/SDK/UNUSED/HAL/os/scheduler/lib.os.machine/os_machine_c.c,common\core\lib.os.machine\os_machine_c.c
/code/src/SDK/UNUSED/HAL/power/wake/lib.wake/wake.c,common\core\lib.wake\wake.c
/code/src/SDK/UNUSED/HAL/power/wake/lib.wake/wake.h,common\core\lib.wake\wake.h
/code/src/SDK/UNUSED/HAL/power/wake/lib.wake/wake_ck_enter.c,common\core\lib.wake\wake_ck_enter.c
/code/src/SDK/UNUSED/HAL/power/wake/lib.wake/wake_ck_leave.c,common\core\lib.wake\wake_ck_leave.c
/code/src/SDK/UNUSED/HAL/power/wake/lib.wake/wake_cpu_freq.c,common\core\lib.wake\wake_cpu_freq.c
/code/src/SDK/UNUSED/HAL/power/wake/lib.wake/wake_enter.c,common\core\lib.wake\wake_enter.c
/code/src/SDK/UNUSED/HAL/power/wake/lib.wake/wake_init.c,common\core\lib.wake\wake_init.c
/code/src/SDK/UNUSED/HAL/power/wake/lib.wake/wake_leave.c,common\core\lib.wake\wake_leave.c
/code/src/SDK/UNUSED/HAL/power/wake/lib.wake/wake_notify_wake.c,common\core\lib.wake\wake_notify_wake.c
/code/src/SDK/UNUSED/HAL/power/wake/lib.wake/wake_private.h,common\core\lib.wake\wake_private.h
/code/src/SDK/UNUSED/HAL/power/wake/lib.wake/wake_register.c,common\core\lib.wake\wake_register.c
/code/src/SDK/UNUSED/HAL/power/wake/lib.wake/wake_service.c,common\core\lib.wake\wake_service.c
/code/src/SDK/UNUSED/HAL/power/wake/lib.wake/wake_set_timeout.c,common\core\lib.wake\wake_set_timeout.c
/code/src/SDK/UNUSED/HAL/power/wake/lib.wake/wake_state.c,common\core\lib.wake\wake_state.c
/code/src/SDK/UNUSED/HAL/power/wake/lib.wake/wake_state1.c,common\core\lib.wake\wake_state1.c
/code/src/SDK/UNUSED/HAL/power/wake/lib.wake/wake_tc.c,common\core\lib.wake\wake_tc.c
/code/src/SDK/UNUSED/HAL/power/wake/lib.wake/wake_vars.c,common\core\lib.wake\wake_vars.c
/code/src/SDK/UNUSED/HAL/storage/nvfs/lib.nvfs/nvfs.atomic_init.c,cmall\core\lib.nvfs\nvfs.atomic_init.c
/code/src/SDK/UNUSED/HAL/storage/nvfs/lib.nvfs/nvfs.atomic_release.c,cmall\core\lib.nvfs\nvfs.atomic_release.c
/code/src/SDK/UNUSED/HAL/storage/nvfs/lib.nvfs/nvfs.atomic_request.c,cmall\core\lib.nvfs\nvfs.atomic_request.c
/code/src/SDK/UNUSED/HAL/storage/nvfs/lib.nvfs/nvfs.bit_clr_attributes.c,cmall\core\lib.nvfs\nvfs.bit_clr_attributes.c
/code/src/SDK/UNUSED/HAL/storage/nvfs/lib.nvfs/nvfs.bit_set_attributes.c,cmall\core\lib.nvfs\nvfs.bit_set_attributes.c
/code/src/SDK/UNUSED/HAL/storage/nvfs/lib.nvfs/nvfs.crc_calc.c,cmall\core\lib.nvfs\nvfs.crc_calc.c
/code/src/SDK/UNUSED/HAL/storage/nvfs/lib.nvfs/nvfs.crc_calc_entry.c,cmall\core\lib.nvfs\nvfs.crc_calc_entry.c
/code/src/SDK/UNUSED/HAL/storage/nvfs/lib.nvfs/nvfs.crc_calc_entry_link.c,cmall\core\lib.nvfs\nvfs.crc_calc_entry_link.c
/code/src/SDK/UNUSED/HAL/storage/nvfs/lib.nvfs/nvfs.crc_calc_header.c,cmall\core\lib.nvfs\nvfs.crc_calc_header.c
/code/src/SDK/UNUSED/HAL/storage/nvfs/lib.nvfs/nvfs.crc_test_entry.c,cmall\core\lib.nvfs\nvfs.crc_test_entry.c
/code/src/SDK/UNUSED/HAL/storage/nvfs/lib.nvfs/nvfs.crc_test_entry_link.c,cmall\core\lib.nvfs\nvfs.crc_test_entry_link.c
/code/src/SDK/UNUSED/HAL/storage/nvfs/lib.nvfs/nvfs.crc_test_header.c,cmall\core\lib.nvfs\nvfs.crc_test_header.c
/code/src/SDK/UNUSED/HAL/storage/nvfs/lib.nvfs/nvfs.create.c,cmall\core\lib.nvfs\nvfs.create.c
/code/src/SDK/UNUSED/HAL/storage/nvfs/lib.nvfs/nvfs.delete.c,cmall\core\lib.nvfs\nvfs.delete.c
/code/src/SDK/UNUSED/HAL/storage/nvfs/lib.nvfs/nvfs.find_entry.c,cmall\core\lib.nvfs\nvfs.find_entry.c
/code/src/SDK/UNUSED/HAL/storage/nvfs/lib.nvfs/nvfs.get_attributes.c,cmall\core\lib.nvfs\nvfs.get_attributes.c
/code/src/SDK/UNUSED/HAL/storage/nvfs/lib.nvfs/nvfs.h,cmall\core\lib.nvfs\nvfs.h
/code/src/SDK/UNUSED/HAL/storage/nvfs/lib.nvfs/nvfs.init.c,cmall\core\lib.nvfs\nvfs.init.c
/code/src/SDK/UNUSED/HAL/storage/nvfs/lib.nvfs/nvfs.init_existing.c,cmall\core\lib.nvfs\nvfs.init_existing.c
/code/src/SDK/UNUSED/HAL/storage/nvfs/lib.nvfs/nvfs.init_format.c,cmall\core\lib.nvfs\nvfs.init_format.c
/code/src/SDK/UNUSED/HAL/storage/nvfs/lib.nvfs/nvfs.iter_init.c,cmall\core\lib.nvfs\nvfs.iter_init.c
/code/src/SDK/UNUSED/HAL/storage/nvfs/lib.nvfs/nvfs.iter_next.c,cmall\core\lib.nvfs\nvfs.iter_next.c
/code/src/SDK/UNUSED/HAL/storage/nvfs/lib.nvfs/nvfs.range_check.c,cmall\core\lib.nvfs\nvfs.range_check.c
/code/src/SDK/UNUSED/HAL/storage/nvfs/lib.nvfs/nvfs.rd.c,cmall\core\lib.nvfs\nvfs.rd.c
/code/src/SDK/UNUSED/HAL/storage/nvfs/lib.nvfs/nvfs.rd_entry.c,cmall\core\lib.nvfs\nvfs.rd_entry.c
/code/src/SDK/UNUSED/HAL/storage/nvfs/lib.nvfs/nvfs.rd_header.c,cmall\core\lib.nvfs\nvfs.rd_header.c
/code/src/SDK/UNUSED/HAL/storage/nvfs/lib.nvfs/nvfs.rd_nvram.c,cmall\core\lib.nvfs\nvfs.rd_nvram.c
/code/src/SDK/UNUSED/HAL/storage/nvfs/lib.nvfs/nvfs.rd_size.c,cmall\core\lib.nvfs\nvfs.rd_size.c
/code/src/SDK/UNUSED/HAL/storage/nvfs/lib.nvfs/nvfs.report.c,cmall\core\lib.nvfs\nvfs.report.c
/code/src/SDK/UNUSED/HAL/storage/nvfs/lib.nvfs/nvfs.server_call.c,cmall\core\lib.nvfs\nvfs.server_call.c
/code/src/SDK/UNUSED/HAL/storage/nvfs/lib.nvfs/nvfs.server_iter_next.c,cmall\core\lib.nvfs\nvfs.server_iter_next.c
/code/src/SDK/UNUSED/HAL/storage/nvfs/lib.nvfs/nvfs.set_attributes.c,cmall\core\lib.nvfs\nvfs.set_attributes.c
/code/src/SDK/UNUSED/HAL/storage/nvfs/lib.nvfs/nvfs.set_exception_handler.c,cmall\core\lib.nvfs\nvfs.set_exception_handler.c
/code/src/SDK/UNUSED/HAL/storage/nvfs/lib.nvfs/nvfs.throw.c,cmall\core\lib.nvfs\nvfs.throw.c
/code/src/SDK/UNUSED/HAL/storage/nvfs/lib.nvfs/nvfs.tsk_server.c,cmall\core\lib.nvfs\nvfs.tsk_server.c
/code/src/SDK/UNUSED/HAL/storage/nvfs/lib.nvfs/nvfs.vars.c,cmall\core\lib.nvfs\nvfs.vars.c
/code/src/SDK/UNUSED/HAL/storage/nvfs/lib.nvfs/nvfs.wr.c,cmall\core\lib.nvfs\nvfs.wr.c
/code/src/SDK/UNUSED/HAL/storage/nvfs/lib.nvfs/nvfs.wr_create.c,cmall\core\lib.nvfs\nvfs.wr_create.c
/code/src/SDK/UNUSED/HAL/storage/nvfs/lib.nvfs/nvfs.wr_delete.c,cmall\core\lib.nvfs\nvfs.wr_delete.c
/code/src/SDK/UNUSED/HAL/storage/nvfs/lib.nvfs/nvfs.wr_entry.c,cmall\core\lib.nvfs\nvfs.wr_entry.c
/code/src/SDK/UNUSED/HAL/storage/nvfs/lib.nvfs/nvfs.wr_header.c,cmall\core\lib.nvfs\nvfs.wr_header.c
/code/src/SDK/UNUSED/HAL/storage/nvfs/lib.nvfs/nvfs.wr_nvram.c,cmall\core\lib.nvfs\nvfs.wr_nvram.c
/code/src/SDK/UNUSED/HAL/storage/nvfs/lib.nvfs/nvfs_private.h,cmall\core\lib.nvfs\nvfs_private.h
/code/src/SDK/UNUSED/HAL/storage/nvfs/lib.nvfs/nvfs_size_is_valid.c,cmall\core\lib.nvfs\nvfs_size_is_valid.c
/code/src/SDK/UNUSED/HAL/storage/nvram/lib.nvram/nvram.h,cmall\core\lib.nvram\nvram.h
/code/src/SDK/UNUSED/HAL/storage/nvram/lib.nvram/nvram_cache_age.c,cmall\core\lib.nvram\nvram_cache_age.c
/code/src/SDK/UNUSED/HAL/storage/nvram/lib.nvram/nvram_cache_commit.c,cmall\core\lib.nvram\nvram_cache_commit.c
/code/src/SDK/UNUSED/HAL/storage/nvram/lib.nvram/nvram_cache_commit_sync.c,cmall\core\lib.nvram\nvram_cache_commit_sync.c
/code/src/SDK/UNUSED/HAL/storage/nvram/lib.nvram/nvram_cache_save.c,cmall\core\lib.nvram\nvram_cache_save.c
/code/src/SDK/UNUSED/HAL/storage/nvram/lib.nvram/nvram_calc_crc.c,cmall\core\lib.nvram\nvram_calc_crc.c
/code/src/SDK/UNUSED/HAL/storage/nvram/lib.nvram/nvram_check_range.c,cmall\core\lib.nvram\nvram_check_range.c
/code/src/SDK/UNUSED/HAL/storage/nvram/lib.nvram/nvram_image_cache_rd.c,cmall\core\lib.nvram\nvram_image_cache_rd.c
/code/src/SDK/UNUSED/HAL/storage/nvram/lib.nvram/nvram_image_cache_wr.c,cmall\core\lib.nvram\nvram_image_cache_wr.c
/code/src/SDK/UNUSED/HAL/storage/nvram/lib.nvram/nvram_image_crc_set.c,cmall\core\lib.nvram\nvram_image_crc_set.c
/code/src/SDK/UNUSED/HAL/storage/nvram/lib.nvram/nvram_image_crc_verify.c,cmall\core\lib.nvram\nvram_image_crc_verify.c
/code/src/SDK/UNUSED/HAL/storage/nvram/lib.nvram/nvram_init.c,cmall\core\lib.nvram\nvram_init.c
/code/src/SDK/UNUSED/HAL/storage/nvram/lib.nvram/nvram_init_existing.c,cmall\core\lib.nvram\nvram_init_existing.c
/code/src/SDK/UNUSED/HAL/storage/nvram/lib.nvram/nvram_init_format.c,cmall\core\lib.nvram\nvram_init_format.c
/code/src/SDK/UNUSED/HAL/storage/nvram/lib.nvram/nvram_private.h,cmall\core\lib.nvram\nvram_private.h
/code/src/SDK/UNUSED/HAL/storage/nvram/lib.nvram/nvram_rd.c,cmall\core\lib.nvram\nvram_rd.c
/code/src/SDK/UNUSED/HAL/storage/nvram/lib.nvram/nvram_server_call.c,cmall\core\lib.nvram\nvram_server_call.c
/code/src/SDK/UNUSED/HAL/storage/nvram/lib.nvram/nvram_tsk_server.c,cmall\core\lib.nvram\nvram_tsk_server.c
/code/src/SDK/UNUSED/HAL/storage/nvram/lib.nvram/nvram_vars.c,cmall\core\lib.nvram\nvram_vars.c
/code/src/SDK/UNUSED/HAL/storage/nvram/lib.nvram/nvram_wr.c,cmall\core\lib.nvram\nvram_wr.c
/code/src/SDK/UNUSED/HAL/storage/nvram/lib.nvram.usr/nvram_usr.c,common\core\lib.nvram.usr\nvram_usr.c
/code/src/SDK/UNUSED/HAL/storage/nvram/lib.nvram.usr/nvram_usr.h,common\core\lib.nvram.usr\nvram_usr.h
/code/src/SDK/UNUSED/HAL/storage/nvram/lib.nvram.usr/nvram_usr_commit.c,common\core\lib.nvram.usr\nvram_usr_commit.c
/code/src/SDK/UNUSED/HAL/storage/nvram/lib.nvram.usr/nvram_usr_private.h,common\core\lib.nvram.usr\nvram_usr_private.h
/code/src/SDK/UNUSED/HAL/storage/nvram/lib.nvram.usr/nvram_usr_sleep_commit.c,common\core\lib.nvram.usr\nvram_usr_sleep_commit.c
/code/src/SDK/UNUSED/HAL/storage/nvram/lib.nvram.usr/nvram_usr_vars.c,common\core\lib.nvram.usr\nvram_usr_vars.c
/code/src/SDK/UNUSED/INC/cmall/core/inc.config_1700/TEMPLATE/config_933.h,cmall\core\inc.config_1700\TEMPLATE\config_933.h
/code/src/SDK/BSP/peripherals/serial/com.ext.hobp_bus/hobp_bus.h,common\com.ext.hobp_bus\hobp_bus.h
/code/src/SDK/BSP/peripherals/serial/com.ext.hobp_bus/hobp_bus_dbg_print.c,common\com.ext.hobp_bus\hobp_bus_dbg_print.c
/code/src/SDK/BSP/peripherals/serial/com.ext.hobp_bus/hobp_bus_dis.c,common\com.ext.hobp_bus\hobp_bus_dis.c
/code/src/SDK/BSP/peripherals/serial/com.ext.hobp_bus/hobp_bus_ena.c,common\com.ext.hobp_bus\hobp_bus_ena.c
/code/src/SDK/BSP/peripherals/serial/com.ext.hobp_bus/hobp_bus_err_add.c,common\com.ext.hobp_bus\hobp_bus_err_add.c
/code/src/SDK/BSP/peripherals/serial/com.ext.hobp_bus/hobp_bus_fiq_service.c,common\com.ext.hobp_bus\hobp_bus_fiq_service.c
/code/src/SDK/BSP/peripherals/serial/com.ext.hobp_bus/hobp_bus_init.c,common\com.ext.hobp_bus\hobp_bus_init.c
/code/src/SDK/BSP/peripherals/serial/com.ext.hobp_bus/hobp_bus_init_nvfs.c,common\com.ext.hobp_bus\hobp_bus_init_nvfs.c
/code/src/SDK/BSP/peripherals/serial/com.ext.hobp_bus/hobp_bus_int.c,common\com.ext.hobp_bus\hobp_bus_int.c
/code/src/SDK/BSP/peripherals/serial/com.ext.hobp_bus/hobp_bus_is_connected.c,common\com.ext.hobp_bus\hobp_bus_is_connected.c
/code/src/SDK/BSP/peripherals/serial/com.ext.hobp_bus/hobp_bus_private.h,common\com.ext.hobp_bus\hobp_bus_private.h
/code/src/SDK/BSP/peripherals/serial/com.ext.hobp_bus/hobp_bus_reg.c,common\com.ext.hobp_bus\hobp_bus_reg.c
/code/src/SDK/BSP/peripherals/serial/com.ext.hobp_bus/hobp_bus_rx.c,common\com.ext.hobp_bus\hobp_bus_rx.c
/code/src/SDK/BSP/peripherals/serial/com.ext.hobp_bus/hobp_bus_set_baudrate.c,common\com.ext.hobp_bus\hobp_bus_set_baudrate.c
/code/src/SDK/BSP/peripherals/serial/com.ext.hobp_bus/hobp_bus_set_flag.c,common\com.ext.hobp_bus\hobp_bus_set_flag.c
/code/src/SDK/BSP/peripherals/serial/com.ext.hobp_bus/hobp_bus_task.c,common\com.ext.hobp_bus\hobp_bus_task.c
/code/src/SDK/BSP/peripherals/serial/com.ext.hobp_bus/hobp_bus_tx.c,common\com.ext.hobp_bus\hobp_bus_tx.c
/code/src/SDK/BSP/peripherals/serial/com.ext.hobp_bus/hobp_bus_user_service.c,common\com.ext.hobp_bus\hobp_bus_user_service.c
/code/src/SDK/BSP/peripherals/serial/com.ext.hobp_bus/hobp_bus_vars.c,common\com.ext.hobp_bus\hobp_bus_vars.c
/code/src/SDK/BSP/peripherals/serial/com.ext.hobp_bus/hobp_bus_wake.c,common\com.ext.hobp_bus\hobp_bus_wake.c
/code/src/SDK/BSP/peripherals/serial/com.ext.hobp_bus/inc/config_hobp_bus.h,common\com.ext.hobp_bus\inc\config_hobp_bus.h
/code/src/SDK/HAL/communication/hobp/com.ext.hobp_type6/hobp.h,common\com.ext.hobp_type6\hobp.h
/code/src/SDK/HAL/communication/hobp/com.ext.hobp_type6/hobp_csum.c,common\com.ext.hobp_type6\hobp_csum.c
/code/src/SDK/HAL/communication/hobp/com.ext.hobp_type6/hobp_dbg_print.c,common\com.ext.hobp_type6\hobp_dbg_print.c
/code/src/SDK/HAL/communication/hobp/com.ext.hobp_type6/hobp_err.c,common\com.ext.hobp_type6\hobp_err.c
/code/src/SDK/HAL/communication/hobp/com.ext.hobp_type6/hobp_flag.c,common\com.ext.hobp_type6\hobp_flag.c
/code/src/SDK/HAL/communication/hobp/com.ext.hobp_type6/hobp_gwr.c,common\com.ext.hobp_type6\hobp_gwr.c
/code/src/SDK/HAL/communication/hobp/com.ext.hobp_type6/hobp_ign.c,common\com.ext.hobp_type6\hobp_ign.c
/code/src/SDK/HAL/communication/hobp/com.ext.hobp_type6/hobp_init.c,common\com.ext.hobp_type6\hobp_init.c
/code/src/SDK/HAL/communication/hobp/com.ext.hobp_type6/hobp_init_nvfs.c,common\com.ext.hobp_type6\hobp_init_nvfs.c
/code/src/SDK/HAL/communication/hobp/com.ext.hobp_type6/hobp_init_reset.c,common\com.ext.hobp_type6\hobp_init_reset.c
/code/src/SDK/HAL/communication/hobp/com.ext.hobp_type6/hobp_is_prog.c,common\com.ext.hobp_type6\hobp_is_prog.c
/code/src/SDK/HAL/communication/hobp/com.ext.hobp_type6/hobp_log_is_done.c,common\com.ext.hobp_type6\hobp_log_is_done.c
/code/src/SDK/HAL/communication/hobp/com.ext.hobp_type6/hobp_private.h,common\com.ext.hobp_type6\hobp_private.h
/code/src/SDK/HAL/communication/hobp/com.ext.hobp_type6/hobp_reset.c,common\com.ext.hobp_type6\hobp_reset.c
/code/src/SDK/HAL/communication/hobp/com.ext.hobp_type6/hobp_rx.c,common\com.ext.hobp_type6\hobp_rx.c
/code/src/SDK/HAL/communication/hobp/com.ext.hobp_type6/hobp_rx_task.c,common\com.ext.hobp_type6\hobp_rx_task.c
/code/src/SDK/HAL/communication/hobp/com.ext.hobp_type6/hobp_save.c,common\com.ext.hobp_type6\hobp_save.c
/code/src/SDK/HAL/communication/hobp/com.ext.hobp_type6/hobp_trace.c,common\com.ext.hobp_type6\hobp_trace.c
/code/src/SDK/HAL/communication/hobp/com.ext.hobp_type6/hobp_tx.c,common\com.ext.hobp_type6\hobp_tx.c
/code/src/SDK/HAL/communication/hobp/com.ext.hobp_type6/hobp_type5.c,common\com.ext.hobp_type6\hobp_type5.c
/code/src/SDK/HAL/communication/hobp/com.ext.hobp_type6/hobp_vars.c,common\com.ext.hobp_type6\hobp_vars.c
/code/src/SDK/HAL/communication/hobp/com.ext.hobp_type6/inc/config_hobp.h,common\com.ext.hobp_type6\inc\config_hobp.h
/code/src/SDK/HAL/communication/hobp/com.ext.hobp_type6/doc/Hobp_T5_Lib_Doc.docx,common\com.ext.hobp_type6\doc\Hobp_T5_Lib_Doc.docx
